,id,Mrs,Ms,Hc,Xhf,Q,Qeff,Hcr,site,hole,core,section,interval,top [cm],bottom [cm],lithology principal name,top depth csf-a (m)
0,U1449A001H4080,1.1105010248890669e-05,6.273395021902454e-05,0.011593635061097118,0.00050243661799202,6.19958180591903,4.562799647225606,0.027358775276591026,U1449,A,1,4,8,0,14,calcareous clay,5.35
1,U1449A001H4080,1.1157617550141156e-05,6.532190002485442e-05,0.011407885791188788,0.0005179996731882063,6.59297323601786,4.833306831187932,0.027358775276591026,U1449,A,1,4,8,0,14,calcareous clay,5.35
2,U1449A001H5044,1.1877147714427876e-05,7.244891349230694e-05,0.012052154817649097,0.0005490961565908896,6.260361186844014,4.592256080145478,0.033559969739110136,U1449,A,1,5,4,0,56,calcareous clay,6.0
3,U1449A002H1033,4.712980567660437e-05,0.00017641093261257592,0.01634621341944842,0.0007589787452179913,6.343974536124768,5.187702437485481,0.048853278756404356,U1449,A,2,1,3,0,28,sand,6.53
4,U1449A005H1012,3.8494727518780294e-05,0.00011322116100305403,0.02143137666180195,0.000707828848253689,6.163655454298191,4.6782751459314795,0.0554830541120625,U1449,A,5,1,1,0,10,sand,17.12
5,U1449A005H1012,3.8580302903165305e-05,0.00011321336775513833,0.0214870209972442,0.0007143032438551994,5.2212729068188946,4.296835746008287,0.0554830541120625,U1449,A,5,1,1,0,10,sand,17.12
6,U1449A006F1097,5.3198558822695686e-05,0.00013933266374581855,0.02609785302312817,0.0007521334656931439,6.267029220953551,4.899009811702359,0.06188996301740033,U1449,A,6,1,9,0,70,clay,20.97
7,U1449A006F3065,4.981160915463625e-05,0.00013949994839882937,0.024295790169421072,0.0008430761956942057,6.236599700373252,4.858857708181762,0.05889857472533834,U1449,A,6,3,6,0,21,sand,23.65
8,U1449A007H2009,3.332585009078239e-05,0.00013023034571503,0.017990666844223124,0.0006358373795954889,6.4924544107097955,4.835942797654015,0.05608211215026091,U1449,A,7,2,0,0,50,clay,26.09
9,U1449A007H2057,2.1945860980239027e-06,2.6187172443023953e-05,0.006085662082545573,1.784784023458775e-05,6.074531706525031,5.667561945880156,0.051121326953141755,U1449,A,7,2,5,0,50,clay,
10,U1449A007H2057,2.1945860980239027e-06,2.6187172443023953e-05,0.006085662082545573,1.784784023458775e-05,6.074531706525031,5.667561945880156,0.051121326953141755,U1449,A,7,2,5,0,50,clay,
11,U1449A007H3005,2.2298234599348778e-06,1.3929532072519116e-05,0.008891679370289785,1.706271752021704e-05,5.205801848602706,4.7676782289570765,0.04388702903728227,U1449,A,7,3,0,0,49,clay,
12,U1449A007H3005,2.2298234599348778e-06,1.3929532072519116e-05,0.008891679370289785,1.706271752021704e-05,5.205801848602706,4.7676782289570765,0.04388702903728227,U1449,A,7,3,0,0,49,clay,
13,U1449A007H4038,4.3087308397745644e-05,0.00012984735340327257,0.02298554158622912,0.000689680469048809,6.322403368669602,5.018401549910474,0.06030240665232192,U1449,A,7,4,3,0,49,clay,28.85
14,U1449A008H1030,2.411361512536849e-05,0.00011056771262384784,0.016098055507189013,0.0007280361570281371,5.823871762524686,4.110855974589097,0.05208372480651571,U1449,A,8,1,3,0,3,sand,34.3
15,U1449A008H1030,2.411361512536849e-05,0.00011056771262384784,0.016098055507189013,0.0007280361570281371,5.823871762524686,4.110855974589097,0.05208372480651571,U1449,A,8,1,3,3,41,clay,34.3
16,U1449A008H1030,2.3281185420904748e-05,0.0001108851087308683,0.014368894109937913,0.00074087170701992,5.21211451004484,3.552626466410568,0.05208372480651571,U1449,A,8,1,3,0,3,sand,34.3
17,U1449A008H1030,2.3281185420904748e-05,0.0001108851087308683,0.014368894109937913,0.00074087170701992,5.21211451004484,3.552626466410568,0.05208372480651571,U1449,A,8,1,3,3,41,clay,34.3
18,U1449A014F2049,1.4135686066954969e-05,5.6420404605525575e-05,0.02046826382690392,0.0008725649890089936,6.076511689077167,3.80728382626867,0.05485215623845183,U1449,A,14,2,4,0,31,clay,73.39
19,U1449A015F2028,6.529915960728084e-05,0.0002129317526830888,0.022559512779890545,0.000974694028824061,6.3739831386771275,5.0588434325941005,0.0629989109513823,U1449,A,15,2,2,0,20,sand,76.18
20,U1449A017F1036,2.0946515491707342e-06,1.7820577529930443e-05,0.022854185173465158,0.0008447578806055366,6.039477571625832,3.0081338666124453,0.04790059252916272,U1449,A,17,1,3,0,26,clay,83.66
21,U1449A017F2019,4.3254805328188186e-05,9.947985933568462e-05,0.032207166369146,0.0009747688305976191,6.166591050347543,4.421918468879717,0.06924177390716546,U1449,A,17,2,1,0,147,clay,84.99
22,U1449A017F2067,7.459495653477806e-06,3.119901774860335e-05,0.02663126728725873,0.0008871252324065599,6.080294994864934,3.3384789654481537,0.0721792588965133,U1449,A,17,2,6,0,147,clay,
23,U1449A018H6087,5.581984785497902e-07,4.635699464273867e-06,0.023620376554782108,0.00019030422926662175,5.812209697731861,2.877967859284056,0.034842396198549695,U1449,A,18,6,8,0,42,calcareous clay,96.37
24,U1449A018H6087,5.910231626467852e-07,4.5116276609792735e-06,0.025395195940857707,0.00018835790886647942,5.581586054334067,2.5977318388177957,0.034842396198549695,U1449,A,18,6,8,0,42,calcareous clay,96.37
25,U1449A019H1081,3.785066310652532e-05,9.644592611439515e-05,0.025165700373194655,0.0008173268945597752,6.030233340272517,4.286524619165685,0.05397114249447919,U1449,A,19,1,8,0,9,clay,98.31
26,U1449A019H1103,0.00029745913004943566,0.0006824025699107756,0.044343853432082636,0.0006622531553614175,6.375760989434377,5.562060503286864,0.06183422213357235,U1449,A,19,1,10,9,20,silt,98.53
27,U1449A019H3055,0.03246277111414397,0.09656105097972367,0.029052901679453617,0.8170146599267849,6.163466773826653,4.529858077483759,0.05372111480460105,U1449,A,19,3,5,0,38,clay,101.05
28,U1449A019H3055,0.03246277111414397,0.09656105097972367,0.029052901679453617,0.8170146599267849,6.163466773826653,4.529858077483759,0.05372111480460105,U1449,A,19,3,5,0,38,clay,101.05
29,U1449A020F1010,1.794199032800547e-06,6.137597970770887e-06,0.019329382792335426,2.485686313441978e-05,5.544036070819585,4.499630307527089,0.06371971749724802,U1449,A,20,1,1,0,15,clay,
30,U1449A020H1034,4.858461933507321e-06,2.2401657507535388e-05,0.017034124564311637,0.00022478923985969163,6.00478243589592,4.136087049680368,0.035664668696716445,U1449,A,20,1,3,0,15,clay,105.44
31,U1449A020F1010,1.794199032800547e-06,6.137597970770887e-06,0.019329382792335426,2.485686313441978e-05,5.544036070819585,4.499630307527089,0.06371971749724802,U1449,A,20,1,1,0,15,clay,
32,U1449A020H3027,3.9627381354147715e-05,0.0001259971622384606,0.020742400454543453,0.0006379779232614688,5.681391310319161,3.2525382418478195,0.058848619006103636,U1449,A,20,3,2,0,74,clay,107.87
33,U1450A001H5010,7.682121380596741e-07,3.1705807446408433e-06,0.016667789086907914,2.074420669551838e-05,5.061726927680127,3.8054469789680336,0.048859390853217985,U1450,A,1,5,1,0,150,clay,
34,U1450A001H5010,7.682121380596741e-07,3.1705807446408433e-06,0.016667789086907914,2.074420669551838e-05,5.061726927680127,3.8054469789680336,0.048859390853217985,U1450,A,1,5,1,0,150,clay,
35,U1450A001H6085,6.006394283420777e-07,4.809075064793385e-06,0.006917402914490833,1.9431987641052353e-05,4.982751069613465,3.9609764650925996,0.030796799997908693,U1450,A,1,6,8,0,35,clay,
36,U1450A001H6085,6.006394283420777e-07,4.809075064793385e-06,0.006917402914490833,1.9431987641052353e-05,4.982751069613465,3.9609764650925996,0.030796799997908693,U1450,A,1,6,8,0,35,clay,
37,U1450A002H2015,0.03435816187347092,0.11400469434311111,0.02728504454770963,0.7668914340424431,6.209709580427556,4.763710482235594,0.053528974764951436,U1450,A,2,2,1,0,140,calcareous clay,9.78
38,U1450A003H2005,1.3213304536396714e-06,3.509418428110037e-05,0.0011070211405299624,1.676132874137955e-05,4.835775551279384,4.511425004133116,0.014227028114973558,U1450,A,3,2,0,0,120,sand,
39,U1450A003H2005,1.3213304536396714e-06,3.509418428110037e-05,0.0011070211405299624,1.676132874137955e-05,4.835775551279384,4.511425004133116,0.014227028114973558,U1450,A,3,2,0,0,120,sand,
40,U1450A003H3082,1.4509369213023318e-06,2.979755603302213e-05,0.00019704579580970272,1.590519175269858e-05,4.535180851464471,4.1562563788256,0.015108771605185627,U1450,A,3,3,8,0,87,sand,
41,U1450A003H3082,1.401896635011312e-06,3.0146055700644572e-05,0.0017955563666407492,1.4994909233278738e-05,4.294997072878331,4.058386711596466,0.015108771605185627,U1450,A,3,3,8,0,87,sand,
42,U1450A003H3082,1.4509369213023318e-06,2.979755603302213e-05,0.00019704579580970272,1.590519175269858e-05,4.535180851464471,4.1562563788256,0.015108771605185627,U1450,A,3,3,8,0,87,sand,
43,U1450A003H3082,1.401896635011312e-06,3.0146055700644572e-05,0.0017955563666407492,1.4994909233278738e-05,4.294997072878331,4.058386711596466,0.015108771605185627,U1450,A,3,3,8,0,87,sand,
44,U1450A003H5100,9.90107789465549e-07,2.196273738500398e-05,0.0017740826299855739,1.5859034813285594e-05,4.8855281725328865,4.577591800406723,0.01500003614262767,U1450,A,3,5,10,0,114,sand,
45,U1450A003H5100,9.90107789465549e-07,2.196273738500398e-05,0.0017740826299855739,1.5859034813285594e-05,4.8855281725328865,4.577591800406723,0.01500003614262767,U1450,A,3,5,10,0,114,sand,
46,U1450A007F1050,1.6575401048527826e-06,5.0691647351007454e-05,0.0014542813659469097,1.4573396315219357e-05,4.13391585540775,4.00173113236103,0.007640541089250077,U1450,A,7,1,5,0,105,sand,
47,U1450A007F1050,2.0003333518670798e-06,5.4824309332265595e-05,0.0023802949673156215,1.3242397589059133e-05,3.7928886698366298,3.7020757320124247,0.007640541089250077,U1450,A,7,1,5,0,105,sand,
48,U1450A007F1050,1.6575401048527826e-06,5.0691647351007454e-05,0.0014542813659469097,1.4573396315219357e-05,4.13391585540775,4.00173113236103,0.007640541089250077,U1450,A,7,1,5,0,105,sand,
49,U1450A007F1050,2.0003333518670798e-06,5.4824309332265595e-05,0.0023802949673156215,1.3242397589059133e-05,3.7928886698366298,3.7020757320124247,0.007640541089250077,U1450,A,7,1,5,0,105,sand,
50,U1450A008F1127,0.05873778832945702,0.4006184260874571,0.015590115632725382,0.836310314782748,6.580433545818672,5.991171494253478,0.04715286488878597,U1450,A,8,1,12,0,16,clay,40.27
51,U1450A011F1030,1.3412172960493761e-06,4.795479535045469e-06,0.00859073671942856,3.023805679359476e-05,5.558815704094921,4.1122722645513266,0.055004674226211844,U1450,A,11,1,3,0,5,clay,
52,U1450A011F1030,1.3412172960493761e-06,4.795479535045469e-06,0.00859073671942856,3.023805679359476e-05,5.558815704094921,4.1122722645513266,0.055004674226211844,U1450,A,11,1,3,0,5,clay,
53,U1450A011F2095,1.1039653130745937e-06,5.565212911430658e-06,0.009358233314112896,2.750088675119626e-05,5.500737356126883,4.33948960140215,0.045923303783084776,U1450,A,11,2,9,0,121,sand,
54,U1450A011F2095,1.1039653130745937e-06,5.565212911430658e-06,0.009358233314112896,2.750088675119626e-05,5.500737356126883,4.33948960140215,0.045923303783084776,U1450,A,11,2,9,0,121,sand,
55,U1450A014F1130,5.764587219972966e-07,1.3956456071625735e-05,0.003128006495776603,1.3339566489055147e-05,5.355497728931564,4.953006015847137,0.022955713021011688,U1450,A,14,1,13,0,42,sand,
56,U1450A014F1130,5.764587219972966e-07,1.3956456071625735e-05,0.003128006495776603,1.3339566489055147e-05,5.355497728931564,4.953006015847137,0.022955713021011688,U1450,A,14,1,13,0,42,sand,
57,U1450A014F3077,4.999518725254966e-08,3.6683015821184204e-07,0.00636911227279191,6.930324087063712e-06,4.166007926052139,2.059866287550592,0.03401780791619228,U1450,A,14,3,7,0,11,clay,
58,U1450A014F3077,4.999518725254966e-08,3.6683015821184204e-07,0.00636911227279191,6.930324087063712e-06,4.166007926052139,2.059866287550592,0.03401780791619228,U1450,A,14,3,7,0,11,,
59,U1450A014F3077,4.999518725254966e-08,3.6683015821184204e-07,0.00636911227279191,6.930324087063712e-06,4.166007926052139,2.059866287550592,0.03401780791619228,U1450,A,14,3,7,0,11,clay,
60,U1450A014F3077,4.999518725254966e-08,3.6683015821184204e-07,0.00636911227279191,6.930324087063712e-06,4.166007926052139,2.059866287550592,0.03401780791619228,U1450,A,14,3,7,0,11,,
61,U1450A017F2050,2.020843954740811e-06,1.4458454271058195e-05,0.007373956221155442,1.8878107599541162e-05,5.44608520938208,4.772716725236259,0.04944861881909776,U1450,A,17,2,5,0,28,clay,
62,U1450A017F2050,2.020843954740811e-06,1.4458454271058195e-05,0.007373956221155442,1.8878107599541162e-05,5.44608520938208,4.772716725236259,0.04944861881909776,U1450,A,17,2,5,0,28,clay,
63,U1450A020F2070,0.0001965899164534621,0.000503125086268847,0.03394454512116386,0.0009543482856714306,6.421355792166025,5.783586154560661,0.051906838553037286,U1450,A,20,2,7,0,35,clay,98.0
64,U1450A020F2097,3.7550172909396034e-06,1.3622207206969792e-05,0.015481193044597163,1.9273328572326177e-05,5.29152256073057,4.833345897501175,0.05714463900882008,U1450,A,20,2,9,0,35,clay,
65,U1450A020F3039,0.038720869222208396,0.1227299507273929,0.02685991734831489,0.8287821500312847,6.191363267787223,4.732853707145201,0.002503240413613955,U1450,A,20,3,3,0,22,clay,98.81
66,U1450A020F3039,4.384472468597149e-05,0.00013818946976873502,0.019495373045533948,0.0009426387625257016,6.221056437753429,4.664395131162016,0.002503240413613955,U1450,A,20,3,3,0,22,clay,98.81
67,U1450A027F1122,0.02175802466771516,0.09696582579289903,0.022979489438435,0.8448718957774862,6.190030240663165,4.414324125518297,0.05032384554698803,U1450,A,27,1,12,0,28,clay,129.42
68,U1450A027F1122,0.02175802466771516,0.09696582579289903,0.022979489438435,0.8448718957774862,6.190030240663165,4.414324125518297,0.05032384554698803,U1450,A,27,1,12,0,28,clay,129.42
69,U1450A028F1144,1.4684277165793754e-06,2.8744861704058505e-05,0.0029688330847605915,1.28602699535309e-05,4.269768751190437,4.07106791895189,0.010703592023333566,U1450,A,28,1,14,0,65,sand,
70,U1450A030F1100,5.665934028389127e-07,1.0137863446734975e-05,0.003289052171210005,1.7721339763753755e-05,5.001949526658502,4.353092463483954,0.011754571084090129,U1450,A,30,1,10,0,141,sand,
71,U1450A032F1008,1.6023580762584578e-06,6.332253119932701e-06,0.01637159670694377,2.309532793999698e-05,5.500341053370485,4.515976446135277,0.05882996051352275,U1450,A,32,1,0,0,44,clay,
72,U1450A034F3022,0.0037950637006728557,0.03590701668071228,0.019774335183034463,0.8477978876377432,6.1062614459993565,3.521891242600228,,U1450,A,34,3,2,0,120,calcareous clay,164.62
73,U1450A042F2015,9.648930514885421e-05,0.0001960289085262603,0.02893079683712807,0.0010647557855550229,6.172744736694348,4.998460583084129,0.05551380321178898,U1450,A,42,2,1,0,4,silt,201.0
74,U1450A048F1134,0.03601325900308207,0.08709176401729246,0.03473242104599941,1.0530765660042107,6.073228695908646,4.108977244825288,0.05710217706382221,U1450,A,48,1,13,0,32,clay,229.24
75,U1450A062F2103,1.9784132274601166e-05,4.4711640552311184e-05,0.03358187463562656,0.0008733465855048187,6.001123519096942,3.576996313646618,0.0582170776228874,U1450,A,62,2,10,0,145,clay,296.88
76,U1450A076F1058,3.872701035809494e-05,0.00014167184550850425,0.017310424839059313,0.0009702947300620051,5.998351103307351,4.454708296007109,0.04555818632119672,U1450,A,76,1,5,0,10,calcareous clay,361.48
77,U1450A082F1064,0.002305556729631643,0.02868818393943079,0.018753534627889677,0.6670816476889352,6.114975928914167,3.5310076539259554,0.02948598651792353,U1450,A,82,1,6,0,145,calcareous clay,389.94
78,U1450A092F2111,1.9813903752709993e-05,7.155932122731868e-05,0.014414426195752394,0.000537725536307485,5.905474221698476,4.405186292777053,0.027782830842568027,U1450,A,92,2,11,0,45,calcareous clay,439.31
79,U1450A106F1062,0.015599668877921597,0.06760564815383296,0.022342323619737568,0.7486246042720485,6.155212177549446,4.082840377091931,0.04318675193184181,U1450,A,106,1,6,0,20,clay,
80,U1451A001H3043,1.1785354236514796e-05,4.1775653138333726e-05,0.014536934969260229,0.0001778669295572021,6.133756139056892,4.998917250842435,0.03130481702741609,U1451,A,1,3,4,0,103,calcareous clay,3.43
81,U1451A002F2075,1.1494566728532168e-07,9.524215966244602e-07,0.018508862999015847,1.973849822541159e-05,5.100464948676784,2.8191136296490025,0.03630057656248781,U1451,A,2,2,7,0,22,calcareous clay,
82,U1451A005H4080,8.831004411263293e-07,1.1174315697637911e-05,0.00663938099282424,1.4930478939829163e-05,5.1539387653638435,4.616408151876234,0.029174095847870646,U1451,A,5,4,8,0,33,clay,
83,U1451A013F2060,5.726293032211458e-07,2.4350256122834983e-06,0.010999668498873794,2.2503682142082137e-05,4.400011600304773,2.8943154037013525,0.043780254942350244,U1451,A,13,2,6,0,11,sand,71.79
84,U1451A013F2060,5.726293032211458e-07,2.4350256122834983e-06,0.010999668498873794,2.2503682142082137e-05,4.400011600304773,2.8943154037013525,0.043780254942350244,U1451,A,13,2,6,0,11,sand,71.79
85,U1451A015F1093,5.856780919092535e-08,2.2703383275104338e-07,-0.0032470000946562662,5.867412206890672e-06,4.08883597371193,1.7259355027344432,0.032876272893801406,U1451,A,15,1,9,0,145,calcareous clay,80.03
86,U1451A015F1093,5.856780919092535e-08,2.2703383275104338e-07,-0.0032470000946562662,5.867412206890672e-06,4.08883597371193,1.7259355027344432,0.032876272893801406,U1451,A,15,1,9,0,145,,80.03
87,U1451A015F1093,5.856780919092535e-08,2.2703383275104338e-07,-0.0032470000946562662,5.867412206890672e-06,4.08883597371193,1.7259355027344432,0.032876272893801406,U1451,A,15,1,9,0,145,calcareous clay,80.03
88,U1451A015F1093,5.856780919092535e-08,2.2703383275104338e-07,-0.0032470000946562662,5.867412206890672e-06,4.08883597371193,1.7259355027344432,0.032876272893801406,U1451,A,15,1,9,0,145,,80.03
89,U1451A015F3094,-3.48676486126382e-09,3.9577180691427475e-07,0.0527505193814376,5.22170549025834e-06,3.428269416645345,1.6345978971929005,0.03300840561331265,U1451,A,15,3,9,0,111,calcareous clay,83.04
90,U1451A015F3094,-3.48676486126382e-09,3.9577180691427475e-07,0.0527505193814376,5.22170549025834e-06,3.428269416645345,1.6345978971929005,0.03300840561331265,U1451,A,15,3,9,0,111,,83.04
91,U1451A015F3094,-3.48676486126382e-09,3.9577180691427475e-07,0.0527505193814376,5.22170549025834e-06,3.428269416645345,1.6345978971929005,0.03300840561331265,U1451,A,15,3,9,0,111,calcareous clay,83.04
92,U1451A015F3094,-3.48676486126382e-09,3.9577180691427475e-07,0.0527505193814376,5.22170549025834e-06,3.428269416645345,1.6345978971929005,0.03300840561331265,U1451,A,15,3,9,0,111,,83.04
93,U1451A017F2033,7.136529738446652e-06,4.9260318226585355e-05,0.01293155652859812,0.0009037465634861083,6.015260107274533,3.673232531835396,0.027746826114332584,U1451,A,17,2,3,0,71,calcareous clay,90.33
94,U1451A019F3075,4.2196047238642185e-07,2.4794645200910067e-06,0.022385237648464208,2.406188033510378e-05,5.325692575697865,3.643997406414635,0.03875318641406611,U1451,A,19,3,7,0,22,clay,101.65
95,U1451A019F3075,4.2196047238642185e-07,2.4794645200910067e-06,0.022385237648464208,2.406188033510378e-05,5.325692575697865,3.643997406414635,0.03875318641406611,U1451,A,19,3,7,0,22,clay,101.65
96,U1451A024H4030,1.3405989135371662e-07,3.1138418361139347e-07,1.3170992019107752,1.0285721027178824e-05,4.51064737531776,1.8620382265178639,0.030437059093186204,U1451,A,24,4,3,0,100,calcareous clay,135.3
97,U1451A024H4030,1.3405989135371662e-07,3.1138418361139347e-07,1.3170992019107752,1.0285721027178824e-05,4.51064737531776,1.8620382265178639,0.030437059093186204,U1451,A,24,4,3,0,100,,135.3
98,U1451A024H4030,1.3405989135371662e-07,3.1138418361139347e-07,1.3170992019107752,1.0285721027178824e-05,4.51064737531776,1.8620382265178639,0.030437059093186204,U1451,A,24,4,3,0,100,calcareous clay,135.3
99,U1451A024H4030,1.3405989135371662e-07,3.1138418361139347e-07,1.3170992019107752,1.0285721027178824e-05,4.51064737531776,1.8620382265178639,0.030437059093186204,U1451,A,24,4,3,0,100,,135.3
100,U1451A026H1034,-4.180006655201177e-09,2.8660483898564725e-07,0.2253640516609539,7.072852660504755e-06,4.269395971607852,1.9343397199967696,0.03527310526537244,U1451,A,26,1,3,0,150,calcareous clay,
101,U1451A026H1034,-4.180006655201177e-09,2.8660483898564725e-07,0.2253640516609539,7.072852660504755e-06,4.269395971607852,1.9343397199967696,0.03527310526537244,U1451,A,26,1,3,0,150,calcareous clay,
102,U1451A026H3049,1.4088903949162356e-07,1.0779159757722343e-06,0.00017130123526287733,1.947697512392264e-05,5.002665742260866,2.9984580813358415,0.04003282904059056,U1451,A,26,3,4,0,109,calcareous clay,152.48
103,U1451A026H3049,1.4088903949162356e-07,1.0779159757722343e-06,0.00017130123526287733,1.947697512392264e-05,5.002665742260866,2.9984580813358415,0.04003282904059056,U1451,A,26,3,4,0,109,calcareous clay,152.48
104,U1451A062F1121,-2.732688971877572e-09,4.5402102110362785e-07,0.006500677205755811,1.2733436679546149e-05,4.580297355090566,2.1144013536178834,0.03351867805459774,U1451,A,62,1,12,0,150,calcareous clay,345.91
105,U1451A062F1121,-2.732688971877572e-09,4.5402102110362785e-07,0.006500677205755811,1.2733436679546149e-05,4.580297355090566,2.1144013536178834,0.03351867805459774,U1451,A,62,1,12,0,150,calcareous clay,345.91
106,U1451A070F1102,5.663136322103821e-07,4.153038327423628e-06,0.009962212520599367,2.151252402898821e-05,5.223164512352725,4.086228358218845,0.036135528361834576,U1451,A,70,1,10,0,57,calcareous clay,383.72
107,U1451A070F1102,5.663136322103821e-07,4.153038327423628e-06,0.009962212520599367,2.151252402898821e-05,5.223164512352725,4.086228358218845,0.036135528361834576,U1451,A,70,1,10,0,57,calcareous clay,383.72
108,U1451A096F1065,7.666384695686548e-06,0.00031053406608290884,0.0025690487346401447,9.199687971862467e-05,6.375032431125162,5.91698092183691,0.022281192241197123,U1451,A,96,1,6,0,122,sand,506.85
109,U1451B003x3016,1.606902048924354e-05,0.00013056985502789525,0.011448390038645728,0.0006931827514395936,6.113745519157939,4.643307995234564,0.03420974231541635,U1451,B,3,3,1,0,136,clay,
110,U1451B019R1093,5.726017247170275e-07,5.218124456641597e-06,0.012059720486684022,2.084910665844292e-05,5.402564766040809,4.412982558793726,0.04244346779206018,U1451,B,19,1,9,0,149,silt,685.93
111,U1451B019R1093,5.726017247170275e-07,5.218124456641597e-06,0.012059720486684022,2.084910665844292e-05,5.402564766040809,4.412982558793726,0.04244346779206018,U1451,B,19,1,9,0,149,silt,685.93
112,U1451B021R1056,3.899915412791167e-07,2.299860843687413e-06,0.017822612977205998,2.5615805929019194e-05,5.311526853825204,3.6407169365515606,0.04929952233525161,U1451,B,21,1,5,0,18,clay,705.16
113,U1451B021R1056,3.899915412791167e-07,2.299860843687413e-06,0.017822612977205998,2.5615805929019194e-05,5.311526853825204,3.6407169365515606,0.04929952233525161,U1451,B,21,1,5,0,18,clay,705.16
114,U1452B001H1075,1.2091689469592683e-07,6.544071412612694e-07,0.011224183539154664,5.603421704786378e-06,3.5539961550189587,1.9890090902223916,0.02990291271031136,U1452,B,1,1,7,0,150,calcareous clay,
115,U1452B001H1075,4.6113531252888295e-08,6.546971661484035e-07,0.012423221484454627,5.597660188521134e-06,3.1556469669147056,1.6017409937033176,0.02990291271031136,U1452,B,1,1,7,0,150,calcareous clay,
116,U1452B001H6030,5.526714323588022e-07,3.0482423935179063e-06,0.01466977311809491,1.854448186533e-05,4.575671634182233,3.2865960991027894,0.03776775933716624,U1452,B,1,6,3,0,35,calcareous clay,
117,U1452B003H5010,1.0293801835887176e-06,4.0645163815948634e-06,0.011004273331751357,2.511654963027329e-05,5.432323173015598,4.126844454841,0.05444697618821296,U1452,B,3,5,1,0,69,silt,
118,U1452B010F3009,5.692437640581204e-07,2.950322640916578e-06,0.015504597912141649,2.31993955076779e-05,4.397217688300876,2.892267771449612,0.048430600020998915,U1452,B,10,3,0,0,88,clay,
119,U1452B010F3054,1.3607279960837233e-06,1.785642679637761e-05,0.004904962324224882,1.8420633840447542e-05,5.667539419417319,5.253081917144328,0.03830512112966428,U1452,B,10,3,5,0,88,clay,
120,U1452B026F1115,3.630547402261368e-05,0.00014613962873330033,0.017256462064530798,0.0007423554492999583,6.1777221416248835,4.852926416423494,0.05349091986381434,U1452,B,26,1,11,6,21,sand,134.05
121,U1452B026F2067,2.3825808588249325e-05,6.13804675620148e-05,0.03930423231706903,0.0007425725222824003,6.077835482252825,4.001546859863824,0.08476849488189994,U1452,B,26,2,6,0,88,calcareous clay,134.87
122,U1452B028F1137,3.7889208655861386e-07,1.6714782557628137e-06,0.011630272867461655,2.453334676634557e-05,4.918247693286513,3.0658922914399644,0.04536041198567065,U1452,B,28,1,13,0,27,silt,
123,U1452B028F2024,1.721471039800074e-05,6.375393471731077e-05,0.020848141988199176,0.0007304604449138857,6.090186268655497,3.992075681101722,0.04927403621884734,U1452,B,28,2,2,0,15,clay,144.14
124,U1453A002H3038,2.6650040302565668e-05,9.49432036898289e-05,0.01871029907379329,0.000708289540684972,6.364006715298117,4.186998475915211,0.04777135836105153,U1453,A,2,3,3,0,71,clay,12.38
125,U1453A006F3031,1.7762821450651363e-05,8.194017405905934e-05,0.018260199319702686,0.0008375094640432684,6.16111060753947,4.177053222464581,0.05966495211635686,U1453,A,6,3,3,0,69,clay,37.61
126,U1453A006H3031,1.7762821450651363e-05,8.194017405905934e-05,0.018260199319702686,0.0008375094640432684,6.16111060753947,4.177053222464581,0.05966495211635686,U1453,A,6,3,3,0,69,clay,
127,U1453A006H1092,1.9812315839029456e-05,9.294618486253977e-05,0.015912326558556456,0.0007033464851182569,6.17848522654504,4.461443051393024,0.048658800774783365,U1453,A,6,1,9,0,31,clay,
128,U1453A008F2095,4.4555183285485445e-05,0.00015913927221503728,0.018754020418154105,0.0007562268903603083,6.325940727015719,4.222855762103806,0.0575416459451333,U1453,A,8,2,9,0,95,clay,46.15
129,U1453A008F3010,1.6960564778929423e-06,1.852074028089e-05,0.00545763139404809,1.7446221696517923e-05,5.256735891824191,4.795921320988984,0.03814041698316744,U1453,A,8,3,1,0,22,clay,
130,U1453A012F1087,2.5160837745364964e-05,0.00014238299988156918,0.012828705401008778,0.0006136321622973843,6.323064037960091,5.089703741569702,0.05337655816030097,U1453,A,12,1,8,0,65,clay,63.37
131,U1453A014F3004,2.6929848204136735e-05,0.00010214104041201947,0.02083705715891626,0.0008126710409290636,6.21168130118202,4.447732147920622,0.05992556728655406,U1453,A,14,3,0,0,67,clay,74.94
132,U1453A017F2042,3.149956359552529e-05,0.0001398262320657503,0.016995488420632476,0.000848941010005106,6.235859168824253,4.805842335752192,0.055100754971426726,U1453,A,17,2,4,0,58,clay,87.92
133,U1453A023F2046,5.2897382416103136e-05,0.00016853928093212315,0.023946740598745686,0.0008593964642750524,6.341575210267009,4.953669600417959,0.06595490258180384,U1453,A,23,2,4,0,140,clay,116.16
134,U1453A028F2030,6.529908038172666e-05,0.000145064467636555,0.031042429322534093,0.0008913855652721162,6.216810498670219,4.910792682169538,0.06570978484685108,U1453,A,28,2,3,0,124,clay,139.5
135,U1453A029F3028,1.1404935463573687e-05,4.655119383129263e-05,0.028218562609615527,0.0010377606663747529,6.156884637070589,3.5512396109466424,0.07235487682140898,U1453,A,29,3,2,0,150,calcareous clay,
136,U1453A029F4055,4.898403697387832e-06,4.046908699657922e-05,0.014256223632379883,0.0007378214758596129,6.114043879984505,3.6594052155470966,0.03604286137921574,U1453,A,29,4,5,0,150,calcareous clay,
137,U1453A029F5077,1.26669493190801e-06,1.3129810167047343e-05,0.026662670398730937,0.0008905997021990459,6.015281264968809,2.740718459972483,0.03978755212433654,U1453,A,29,5,7,0,108,calcareous clay,
138,U1454B001H1060,5.389262448562553e-07,5.119288692328609e-06,0.012522618794565954,1.865362791230506e-05,5.108700544918842,4.167448178985728,0.029588470066874102,U1454,B,1,1,6,0,22,calcareous clay,
139,U1454B001H1060,5.389262448562553e-07,5.119288692328609e-06,0.012522618794565954,1.865362791230506e-05,5.108700544918842,4.167448178985728,0.029588470066874102,U1454,B,1,1,6,0,22,calcareous clay,
140,U1454B002H3060,9.852913695471918e-07,3.7340697581255067e-06,0.04330772785383663,2.3190355789464805e-05,5.348490528123651,4.052167182477502,0.05584543571107777,U1454,B,2,3,6,0,150,clay,
141,U1454B002H3060,9.852913695471918e-07,3.7340697581255067e-06,0.04330772785383663,2.3190355789464805e-05,5.348490528123651,4.052167182477502,0.05584543571107777,U1454,B,2,3,6,0,150,clay,
142,U1454B002H6060,6.808687370242627e-07,3.635151097226204e-06,0.011024976435882072,2.1675116243138818e-05,4.977809012326133,3.6884383737697366,0.047140469153015715,U1454,B,2,6,6,0,74,clay,
143,U1454B002H6060,6.808687370242627e-07,3.635151097226204e-06,0.011024976435882072,2.1675116243138818e-05,4.977809012326133,3.6884383737697366,0.047140469153015715,U1454,B,2,6,6,0,74,clay,
144,U1454B003H2060,1.7178625604923396e-06,5.505235682235901e-06,0.019621713757185688,2.1121653500822077e-05,5.130501173361597,4.06253938628557,0.0601159751411281,U1454,B,3,2,6,0,98,calcareous clay,
145,U1454B003H2060,1.7178625604923396e-06,5.505235682235901e-06,0.019621713757185688,2.1121653500822077e-05,5.130501173361597,4.06253938628557,0.0601159751411281,U1454,B,3,2,6,0,98,calcareous clay,
146,U1454B003H3060,7.612230222688389e-07,3.5668524754030185e-06,0.020212675660021162,2.367452205481978e-05,5.104326955541942,3.815175284971176,0.051090704169583556,U1454,B,3,3,6,0,150,clay,
147,U1454B003H3060,7.612230222688389e-07,3.5668524754030185e-06,0.020212675660021162,2.367452205481978e-05,5.104326955541942,3.815175284971176,0.051090704169583556,U1454,B,3,3,6,0,150,clay,
148,U1454B003H7060,8.967858346940258e-07,4.293143808913675e-06,0.01878911850409204,2.3980889851987723e-05,5.281222509158272,4.0555570633218405,0.05177639607491335,U1454,B,3,7,6,0,71,clay,
149,U1454B003H7060,8.967858346940258e-07,4.293143808913675e-06,0.01878911850409204,2.3980889851987723e-05,5.281222509158272,4.0555570633218405,0.05177639607491335,U1454,B,3,7,6,0,71,clay,
150,U1454B004H3050,9.515937555811313e-07,2.239202760777986e-05,0.003338635485832242,1.4982735095228816e-05,4.639472881665556,4.14247423923861,0.012952131746152697,U1454,B,4,3,5,0,110,sand,
151,U1454B004H3050,9.515937555811313e-07,2.239202760777986e-05,0.003338635485832242,1.4982735095228816e-05,4.639472881665556,4.14247423923861,0.012952131746152697,U1454,B,4,3,5,0,110,sand,
152,U1454B004H4050,1.522494845405729e-06,4.962014820924171e-05,0.0009539433409263132,1.3555633383574196e-05,3.415615178726084,3.1835594359524415,0.005350932545830231,U1454,B,4,4,5,0,107,sand,
153,U1454B004H4050,1.522494845405729e-06,4.962014820924171e-05,0.0009539433409263132,1.3555633383574196e-05,3.415615178726084,3.1835594359524415,0.005350932545830231,U1454,B,4,4,5,0,107,sand,
