VSM?,VSM Sample Name,Exp,Site,Hole,Core,Type,Sect,A/W,Top offset (cm),Bottom offset (cm),Top depth CSF-A (m),Bottom depth CSF-A (m),Top depth CSF-B (m),Bottom depth CSF-B (m),Length (cm),Volume (cm3),Sample type,Test,Request Code,Request number,Sample name,Text ID,Date sample logged,Sample entered by,Location,Comments,Label identifier
x,U1449A001H2026,354,U1449,A,1,H,2,W,26,28,1.76,1.78,1.74,1.76,2,7,CUBE,PMAG,,,PMAG,CUBE6414691,2/7/2015 22:38,NOVAK,JR,,354-U1449A-1H-2-W 26/28-PMAG
x,U1449A001H4080,354,U1449,A,1,H,4,W,80,82,5.35,5.37,5.29,5.31,2,7,CUBE,PMAG,,,PMAG,CUBE6414711,2/7/2015 22:38,NOVAK,JR,,354-U1449A-1H-4-W 80/82-PMAG
x,U1449A001H5044,354,U1449,A,1,H,5,W,44,46,6,6.02,5.933,5.953,2,7,CUBE,PMAG,,,PMAG,CUBE6414721,2/7/2015 22:38,NOVAK,JR,,354-U1449A-1H-5-W 44/46-PMAG
x,U1449A002H1033,354,U1449,A,2,H,1,W,33,35,6.53,6.55,6.528,6.548,2,7,CUBE,PMAG,,,PMAG,CUBE6415791,2/10/2015 0:00,KASTOR,JR,,354-U1449A-2H-1-W 33/35-PMAG
x,U1449A005H1012,354,U1449,A,5,H,1,W,12,14,17.12,17.14,17.12,17.14,2,7,CUBE,PMAG,,,PMAG,CUBE6416201,2/8/2015 6:07,KASTOR,JR,,354-U1449A-5H-1-W 12/14-PMAG
x,U1449A006F1097,354,U1449,A,6,F,1,W,97,99,20.97,20.99,20.904,20.922,2,7,CUBE,PMAG,,,PMAG,CUBE6416691,2/8/2015 8:02,KASTOR,JR,,354-U1449A-6F-1-W 97/99-PMAG
x,U1449A006F3065,354,U1449,A,6,F,3,W,65,67,23.65,23.67,23.401,23.419,2,7,CUBE,PMAG,,,PMAG,CUBE6416701,2/8/2015 8:02,KASTOR,JR,,354-U1449A-6F-3-W 65/67-PMAG
x,U1449A007H2009,354,U1449,A,7,H,2,W,9,11,26.09,26.11,26.09,26.11,2,7,CUBE,PMAG,,,PMAG,CUBE6417041,2/8/2015 10:21,KASTOR,JR,,354-U1449A-7H-2-W 9/11-PMAG
x,U1449A007H4038,354,U1449,A,7,H,4,W,38,40,28.85,28.87,28.85,28.87,2,7,CUBE,PMAG,,,PMAG,CUBE6417051,2/8/2015 10:30,KASTOR,JR,,354-U1449A-7H-4-W 38/40-PMAG
x,U1449A008H1030,354,U1449,A,8,H,1,,30,32,34.3,34.32,34.3,34.32,2,7,CUBE,PMAG,,,PMAG,CUBE6417621,2/8/2015 13:44,JRS_CRUZ,JR,,354-U1449A-8H-1-PMAG
x,U1449A014F2049,354,U1449,A,14,F,2,W,49,51,73.39,73.41,73.39,73.41,2,7,CUBE,PMAG,,,PMAG,CUBE6419161,2/8/2015 19:31,JRS_YOSHIDA,JR,,354-U1449A-14F-2-W 49/51-PMAG
x,U1449A015F2028,354,U1449,A,15,F,2,W,28,30,76.18,76.2,76.18,76.2,2,7,CUBE,PMAG,,,PMAG,CUBE6419921,2/8/2015 20:31,JRS_WILLIAMS,JR,,354-U1449A-15F-2-W 28/30-PMAG
x,U1449A017F1036,354,U1449,A,17,F,1,W,36,38,83.66,83.68,83.634,83.652,2,7,CUBE,PMAG,,,PMAG,CUBE6429481,2/10/2015 8:33,KASTOR,JR,,354-U1449A-17F-1-W 36/38-PMAG
x,U1449A017F2019,354,U1449,A,17,F,2,W,19,21,84.99,85.01,84.866,84.885,2,7,CUBE,PMAG,,,PMAG,CUBE6421041,2/11/2015 5:57,KASTOR,JR,,354-U1449A-17F-2-W 19/21-PMAG
,U1449A018H1095,354,U1449,A,18,H,1,W,95,97,88.95,88.97,88.95,88.97,2,7,CUBE,PMAG,,,PMAG,CUBE6421701,2/9/2015 2:01,JRS_WILLIAMS,JR,,354-U1449A-18H-1-W 95/97-PMAG
,U1449A018H2100,354,U1449,A,18,H,2,W,100,102,90.5,90.52,90.5,90.52,2,7,CUBE,PMAG,MEYN,18462IODP,PMAG,CUBE6421711,2/11/2015 5:58,KASTOR,JR,,354-U1449A-18H-2-W 100/102-PMAG
,U1449A018H4075,354,U1449,A,18,H,4,W,75,77,93.25,93.27,93.25,93.27,2,7,CUBE,PMAG,,,PMAG,CUBE6421721,2/9/2015 2:01,JRS_WILLIAMS,JR,,354-U1449A-18H-4-W 75/77-PMAG
x,U1449A018H6087,354,U1449,A,18,H,6,,87,89,96.37,96.39,96.37,96.39,2,7,CUBE,PMAG,,,PMAG,CUBE6421731,2/9/2015 2:01,JRS_WILLIAMS,JR,,354-U1449A-18H-6-PMAG
,U1449A019H1081,354,U1449,A,19,H,1,W,81,83,98.31,98.33,98.305,98.325,2,7,CUBE,PMAG,,,PMAG,CUBE6422321,2/9/2015 3:43,JRS_WILLIAMS,JR,,354-U1449A-19H-1-W 81/83-PMAG
x,U1449A019H1103,354,U1449,A,19,H,1,W,103,105,98.53,98.55,98.523,98.543,2,7,CUBE,PMAG,,,PMAG,CUBE6422331,2/9/2015 3:43,JRS_WILLIAMS,JR,,354-U1449A-19H-1-W 103/105-PMAG
,U1449A019H3055,354,U1449,A,19,H,3,W,55,57,101.05,101.07,101.026,101.046,2,7,CUBE,PMAG,,,PMAG,CUBE6422351,2/9/2015 3:43,JRS_WILLIAMS,JR,,354-U1449A-19H-3-W 55/57-PMAG
,U1449A019H3055,354,U1449,A,19,H,3,W,55,57,101.05,101.07,101.026,101.046,2,7,CUBE,PMAG,,,PMAG,CUBE6422591,2/9/2015 4:00,JRS_WILLIAMS,JR,,354-U1449A-19H-3-W 55/57-PMAG
,U1449A020H1034,354,U1449,A,20,H,1,W,34,36,105.44,105.46,105.439,105.459,2,7,CUBE,PMAG,,,PMAG,CUBE6423231,2/9/2015 5:25,JRS_WILLIAMS,JR,,354-U1449A-20H-1-W 34/36-PMAG
x,U1449A020H1084,354,U1449,A,20,H,1,W,84,86,105.94,105.96,105.937,105.956,2,7,CUBE,PMAG,,,PMAG,CUBE6423271,2/9/2015 5:43,JRS_WILLIAMS,JR,,354-U1449A-20H-1-W 84/86-PMAG
,U1449A020H3027,354,U1449,A,20,H,3,W,27,29,107.87,107.89,107.859,107.879,2,7,CUBE,PMAG,,,PMAG,CUBE6423251,2/9/2015 5:31,JRS_WILLIAMS,JR,,354-U1449A-20H-3-W 27/29-PMAG
,U1449A020H4121,354,U1449,A,20,H,4,W,121,123,109.64,109.66,109.621,109.641,2,7,CUBE,PMAG,,,PMAG,CUBE6423281,2/9/2015 5:46,JRS_WILLIAMS,JR,,354-U1449A-20H-4-W 121/123-PMAG
,U1449A021H1080,354,U1449,A,21,H,1,W,80,82,110.8,110.82,110.795,110.815,2,7,CUBE,PMAG,,,PMAG,CUBE6424171,2/9/2015 8:02,JRS_WILLIAMS,JR,,354-U1449A-21H-1-W 80/82-PMAG
,U1449A022F2018,354,U1449,A,22,F,2,W,18,20,115.08,115.1,114.96,114.979,2,7,CUBE,PMAG,,,PMAG,CUBE6424781,2/9/2015 10:24,JRS_WILLIAMS,JR,,354-U1449A-22F-2-W 18/20-PMAG
,U1449A022F3084,354,U1449,A,22,F,3,W,83.5,85.5,117.235,117.255,116.963,116.981,2,7,CUBE,PMAG,,,PMAG,CUBE6424791,2/9/2015 10:24,JRS_WILLIAMS,JR,,354-U1449A-22F-3-W 84/86-PMAG
,U1449A023F1144,354,U1449,A,23,F,1,W,144,146,119.54,119.56,119.43,119.448,2,7,CUBE,PMAG,,,PMAG,CUBE6424981,2/9/2015 11:46,JRS_CRUZ,JR,,354-U1449A-23F-1-W 144/146-PMAG
,U1449A023F2012,354,U1449,A,23,F,2,W,12,14,119.72,119.74,119.596,119.614,2,7,CUBE,PMAG,,,PMAG,CUBE6424931,2/9/2015 11:28,JRS_CRUZ,JR,,354-U1449A-23F-2-W 12/14-PMAG
,U1449A024F1074,354,U1449,A,24,F,1,W,74,76,123.54,123.56,123.477,123.495,2,7,CUBE,PMAG,,,PMAG,CUBE6425191,2/9/2015 12:53,JRS_CRUZ,JR,,354-U1449A-24F-1-W 74/76-PMAG
,U1449A024F2044,354,U1449,A,24,F,2,W,44,46,124.74,124.76,124.574,124.593,2,7,CUBE,PMAG,,,PMAG,CUBE6425201,2/9/2015 12:53,JRS_CRUZ,JR,,354-U1449A-24F-2-W 44/46-PMAG
,U1449A025F1078,354,U1449,A,25,F,1,W,78,80,128.28,128.3,128.227,128.246,2,7,CUBE,PMAG,,,PMAG,CUBE6425431,2/9/2015 14:29,JRS_CRUZ,JR,,354-U1449A-25F-1-W 78/80-PMAG
,U1449A025F2035,354,U1449,A,25,F,2,W,35,37,129.35,129.37,129.225,129.244,2,7,CUBE,PMAG,,,PMAG,CUBE6425441,2/9/2015 14:24,JRS_CRUZ,JR,,354-U1449A-25F-2-W 35/37-PMAG
,U1449A026F2069,354,U1449,A,26,F,2,W,69,71,134.39,134.41,134.25,134.269,2,7,CUBE,PMAG,,,PMAG,CUBE6425731,2/9/2015 15:37,JRS_CRUZ,JR,,354-U1449A-26F-2-W 69/71-PMAG
,U1449A026F3035,354,U1449,A,26,F,3,W,35,37,135.43,135.45,135.225,135.243,2,7,CUBE,PMAG,,,PMAG,CUBE6425741,2/9/2015 15:37,JRS_CRUZ,JR,,354-U1449A-26F-3-W 35/37-PMAG
,U1449A027F1044,354,U1449,A,27,F,1,W,44,45,137.34,137.35,137.326,137.336,1,7,CUBE,PMAG,,,PMAG,CUBE6425971,2/9/2015 16:36,JRS_CRUZ,JR,,354-U1449A-27F-1-W 44/45-PMAG
,U1449A028F2012,354,U1449,A,28,F,2,W,12,14,143.22,143.24,143.157,143.177,2,7,CUBE,PMAG,,,PMAG,CUBE6426361,2/9/2015 18:04,JRS_CRUZ,JR,,354-U1449A-28F-2-W 12/14-PMAG
,U1449A028F3057,354,U1449,A,28,F,3,W,57,59,145.17,145.19,145.031,145.05,2,7,CUBE,PMAG,,,PMAG,CUBE6426371,2/9/2015 18:04,JRS_CRUZ,JR,,354-U1449A-28F-3-W 57/59-PMAG
,U1449A028F4004,354,U1449,A,28,F,4,W,4,6,145.74,145.76,145.579,145.599,2,7,CUBE,PMAG,,,PMAG,CUBE6426381,2/9/2015 18:04,JRS_CRUZ,JR,,354-U1449A-28F-4-W 4/6-PMAG
,U1449A029F1082,354,U1449,A,29,F,1,W,82,84,147.12,147.14,147.12,147.14,2,7,CUBE,PMAG,,,PMAG,CUBE6426741,2/9/2015 20:03,JRS_CRUZ,JR,,354-U1449A-29F-1-W 82/84-PMAG
,U1449A038H2077,354,U1449,A,38,H,2,W,77,79,211.97,211.99,211.929,211.948,2,7,CUBE,PMAG,,,PMAG,CUBE6428791,2/10/2015 4:28,JRS_HUYGHE,JR,,354-U1449A-38H-2-W 77/79-PMAG
,U1450A001H1112,354,U1450,A,1,H,1,W,112,114,1.12,1.14,1.117,1.137,2,7,CUBE,PMAG,,,PMAG,CUBE6431611,2/11/2015 2:28,JRS_JIA,JR,,354-U1450A-1H-1-W 112/114-PMAG
,U1450A001H3049,354,U1450,A,1,H,3,W,49,51,3.49,3.51,3.482,3.502,2,7,CUBE,PMAG,,,PMAG,CUBE6431621,2/11/2015 2:28,JRS_JIA,JR,,354-U1450A-1H-3-W 49/51-PMAG
,U1450A001H5101,354,U1450,A,1,H,5,W,101,103,7.01,7.03,6.994,7.014,2,7,CUBE,PMAG,,,PMAG,CUBE6431631,2/11/2015 2:28,JRS_JIA,JR,,354-U1450A-1H-5-W 101/103-PMAG
,U1450A001H6020,354,U1450,A,1,H,6,W,20,22,7.7,7.72,7.683,7.702,2,7,CUBE,PMAG,,,PMAG,CUBE6431641,2/11/2015 2:28,JRS_JIA,JR,,354-U1450A-1H-6-W 20/22-PMAG
,U1450A002H2015,354,U1450,A,2,H,2,W,15,17,9.78,9.8,9.78,9.8,2,7,CUBE,PMAG,,,PMAG,CUBE6431991,2/11/2015 3:50,JRS_WILLIAMS,JR,,354-U1450A-2H-2-W 15/17-PMAG
,U1450A002H2047,354,U1450,A,2,H,2,W,47,49,10.1,10.12,10.1,10.12,2,7,CUBE,PMAG,,,PMAG,CUBE6432001,2/11/2015 3:50,JRS_WILLIAMS,JR,,354-U1450A-2H-2-W 47/49-PMAG
,U1450A008F1127,354,U1450,A,8,F,1,W,127,129,40.27,40.29,40.27,40.29,2,7,CUBE,PMAG,,,PMAG,CUBE6433201,2/11/2015 11:48,JRS_CRUZ,JR,,354-U1450A-8F-1-W 127/129-PMAG
,U1450A014F3045,354,U1450,A,14,F,3,W,45,47,70.82,70.84,70.608,70.627,2,7,CUBE,PMAG,,,PMAG,CUBE6434501,2/11/2015 18:16,JRS_NAJMAN,JR,,354-U1450A-14F-3-W 45/47-PMAG
,U1450A014F4028,354,U1450,A,14,F,4,W,28,30,71.82,71.84,71.547,71.565,2,7,CUBE,PMAG,,,PMAG,CUBE6434511,2/11/2015 18:16,JRS_NAJMAN,JR,,354-U1450A-14F-4-W 28/30-PMAG
,U1450A016F1059,354,U1450,A,16,F,1,W,59,61,77.49,77.51,77.49,77.51,2,7,CUBE,PMAG,,,PMAG,CUBE6434711,2/11/2015 19:44,JRS_SELKIN,JR,,354-U1450A-16F-1-W 59/61-PMAG
,U1450A017F1069,354,U1450,A,17,F,1,W,69,71,82.29,82.31,82.246,82.265,2,7,CUBE,PMAG,,,PMAG,CUBE6435211,2/11/2015 21:47,JRS_SELKIN,JR,,354-U1450A-17F-1-W 69/71-PMAG
,U1450A018F1095,354,U1450,A,18,F,1,W,95,97,87.25,87.27,87.234,87.254,2,7,CUBE,PMAG,,,PMAG,CUBE6435791,2/12/2015 0:40,JRS_SELKIN,JR,,354-U1450A-18F-1-W 95/97-PMAG
,U1450A020F1121,354,U1450,A,20,F,1,W,121,123,97.01,97.03,97.01,97.03,2,7,CUBE,PMAG,,,PMAG,CUBE6435981,2/12/2015 2:56,JRS_SELKIN,JR,,354-U1450A-20F-1-W 121/123-PMAG
,U1450A020F2070,354,U1450,A,20,F,2,W,70,72,98,98.02,98,98.02,2,7,CUBE,PMAG,,,PMAG,CUBE6435991,2/12/2015 2:56,JRS_SELKIN,JR,,354-U1450A-20F-2-W 70/72-PMAG
,U1450A020F3039,354,U1450,A,20,F,3,W,39,41,98.81,98.83,98.81,98.83,2,7,CUBE,PMAG,,,PMAG,CUBE6436001,2/12/2015 2:56,JRS_SELKIN,JR,,354-U1450A-20F-3-W 39/41-PMAG
,U1450A021F1098,354,U1450,A,21,F,1,W,98,100,100.78,100.8,100.738,100.757,2,7,CUBE,PMAG,,,PMAG,CUBE6436401,2/12/2015 4:14,JRS_SELKIN,JR,,354-U1450A-21F-1-W 98/100-PMAG
,U1450A027F1122,354,U1450,A,27,F,1,W,122,122,129.42,129.42,129.373,129.373,0,7,CUBE,PMAG,,,PMAG,CUBE6437971,2/15/2015 0:00,KASTOR,JR,CUBE97,354-U1450A-27F-1-W 122/122-PMAG
,U1450A027F1122,354,U1450,A,27,F,1,W,122,124,129.42,129.44,129.373,129.392,2,7,CUBE,PMAG,,,PMAG,CUBE6438251,2/12/2015 11:47,JRS_MEYNADIER,JR,,354-U1450A-27F-1-W 122/124-PMAG
,U1450A027F2042,354,U1450,A,27,F,2,W,42,44,130.15,130.17,130.074,130.093,2,7,CUBE,PMAG,,,PMAG,CUBE6437921,2/12/2015 0:00,KASTOR,JR,,354-U1450A-27F-2-W 42/44-PMAG
,U1450A028F1131,354,U1450,A,28,F,1,W,131,133,134.21,134.23,134.21,134.23,2,7,CUBE,PMAG,,,PMAG,CUBE6438311,2/12/2015 12:03,JRS_MEYNADIER,JR,,354-U1450A-28F-1-W 131/133-PMAG
,U1450A032F1140,354,U1450,A,32,F,1,W,140,142,153.3,153.32,153.254,153.273,2,7,CUBE,PMAG,,,PMAG,CUBE6438761,2/12/2015 14:32,JRS_VGALY,JR,,354-U1450A-32F-1-W 140/142-PMAG
,U1450A034F1110,354,U1450,A,34,F,1,W,110,112,162.5,162.52,162.406,162.424,2,7,CUBE,PMAG,,,PMAG,CUBE6439161,2/12/2015 15:49,JRS_VGALY,JR,,354-U1450A-34F-1-W 110/112-PMAG
,U1450A034F2076,354,U1450,A,34,F,2,W,76,78,163.66,163.68,163.467,163.485,2,7,CUBE,PMAG,,,PMAG,CUBE6439211,2/12/2015 15:59,JRS_VGALY,JR,,354-U1450A-34F-2-W 76/78-PMAG
,U1450A034F3022,354,U1450,A,34,F,3,W,22,24,164.62,164.64,164.344,164.362,2,7,CUBE,PMAG,,,PMAG,CUBE6439441,2/12/2015 16:07,JRS_VGALY,JR,,354-U1450A-34F-3-W 22/24-PMAG
,U1450A036F2052,354,U1450,A,36,F,2,W,52,54,172.92,172.94,172.726,172.744,2,7,CUBE,PMAG,,,PMAG,CUBE6439831,2/12/2015 17:41,JRS_VGALY,JR,,354-U1450A-36F-2-W 52/54-PMAG
,U1450A036F3043,354,U1450,A,36,F,3,W,43,45,174.33,174.35,174,174.018,2,7,CUBE,PMAG,,,PMAG,CUBE6439861,2/15/2015 0:00,KASTOR,JR,CUBE86,354-U1450A-36F-3-W 43/45-PMAG
,U1450A036F3045,354,U1450,A,36,F,3,W,45,46,174.35,174.36,174.018,174.027,1,7,CUBE,PMAG,,,PMAG,CUBE6439871,2/12/2015 17:44,JRS_VGALY,JR,,354-U1450A-36F-3-W 45/46-PMAG
,U1450A036F4026,354,U1450,A,36,F,4,W,26,28,175.26,175.28,174.841,174.859,2,7,CUBE,PMAG,,,PMAG,CUBE6439921,2/12/2015 17:48,JRS_VGALY,JR,,354-U1450A-36F-4-W 26/28-PMAG
,U1450A042F1057,354,U1450,A,42,F,1,W,57,59,199.97,199.99,199.947,199.966,2,,CUBE,PMAG,,,PMAG,CUBE6441361,2/12/2015 21:50,JRS_VGALY,JR,,354-U1450A-42F-1-W 57/59-PMAG
,U1450A042F2015,354,U1450,A,42,F,2,W,15,17,201,201.02,200.935,200.954,2,,CUBE,PMAG,,,PMAG,CUBE6441371,2/12/2015 21:52,JRS_VGALY,JR,,354-U1450A-42F-2-W 15/17-PMAG
,U1450A044F1047,354,U1450,A,44,F,1,W,47,49,209.37,209.39,209.355,209.375,2,7,CUBE,PMAG,,,PMAG,CUBE6442071,2/13/2015 0:33,JRS_VGALY,JR,,354-U1450A-44F-1-W 47/49-PMAG
,U1450A046F1114,354,U1450,A,46,F,1,W,114,116,219.54,219.56,219.463,219.482,2,7,CUBE,PMAG,,,PMAG,CUBE6442561,2/14/2015 10:11,KASTOR,JR,,354-U1450A-46F-1-W 114/116-PMAG
,U1450A048F1134,354,U1450,A,48,F,1,W,134,136,229.24,229.26,229.162,229.181,2,7,CUBE,PMAG,,,PMAG,CUBE6443251,2/13/2015 4:27,JRS_VGALY,JR,,354-U1450A-48F-1-W 134/136-PMAG
,U1450A052F1095,354,U1450,A,52,F,1,W,95,97,247.85,247.87,247.791,247.81,2,7,CUBE,PMAG,,,PMAG,CUBE6444371,2/13/2015 8:03,JRS_VGALY,JR,,354-U1450A-52F-1-W 95/97-PMAG
,U1450A052F1115,354,U1450,A,52,F,1,W,115,117,248.05,248.07,247.979,247.998,2,7,CUBE,PMAG,,,PMAG,CUBE6444401,2/13/2015 8:03,JRS_VGALY,JR,,354-U1450A-52F-1-W 115/117-PMAG
,U1450A052F2056,354,U1450,A,52,F,2,W,56,58,248.91,248.93,248.785,248.804,2,7,CUBE,PMAG,,,PMAG,CUBE6444251,2/13/2015 7:43,JRS_VGALY,JR,,354-U1450A-52F-2-W 56/58-PMAG
,U1450A058F1056,354,U1450,A,58,F,1,W,56,58,275.96,275.98,275.96,275.98,2,20,CUBE,PMAG,,,PMAG,CUBE6445541,2/13/2015 12:37,JRS_CRUZ,JR,,354-U1450A-58F-1-W 56/58-PMAG
,U1450A062F1130,354,U1450,A,62,F,1,W,130,132,295.7,295.72,295.627,295.646,2,7,CUBE,PMAG,,,PMAG,CUBE6446301,2/13/2015 14:50,JRS_CRUZ,JR,,354-U1450A-62F-1-W 130/132-PMAG
,U1450A062F2103,354,U1450,A,62,F,2,W,103,105,296.88,296.9,296.741,296.76,2,7,CUBE,PMAG,,,PMAG,CUBE6446331,2/18/2015 7:49,KASTOR,JR,,354-U1450A-62F-2-W 103/105-PMAG
,U1450A070F1050,354,U1450,A,70,F,1,W,50,52,332.9,332.92,332.9,332.92,2,7,CUBE,PMAG,,,PMAG,CUBE6448061,2/13/2015 20:23,JRS_BAHK,JR,,354-U1450A-70F-1-W 50/52-PMAG
,U1450A070F2013,354,U1450,A,70,F,2,W,13,15,333.43,333.45,333.43,333.45,2,7,CUBE,PMAG,,,PMAG,CUBE6448081,2/13/2015 20:25,JRS_BAHK,JR,,354-U1450A-70F-2-W 13/15-PMAG
,U1450A074F1094,354,U1450,A,74,F,1,W,94,96,352.34,352.36,352.34,352.36,2,7,CUBE,PMAG,,,PMAG,CUBE6448631,2/13/2015 22:13,JRS_BAHK,JR,,354-U1450A-74F-1-W 94/96-PMAG
,U1450A074F2022,354,U1450,A,74,F,2,W,22,24,353.08,353.1,353.08,353.1,2,7,CUBE,PMAG,,,PMAG,CUBE6448641,2/13/2015 22:16,JRS_BAHK,JR,,354-U1450A-74F-2-W 22/24-PMAG
,U1450A076F1058,354,U1450,A,76,F,1,W,58,60,361.48,361.5,361.467,361.486,2,7,CUBE,PMAG,,,PMAG,CUBE6449481,2/14/2015 1:17,JRS_BAHK,JR,,354-U1450A-76F-1-W 58/60-PMAG
,U1450A082F1064,354,U1450,A,82,F,1,W,64,66,389.94,389.96,389.909,389.928,2,7,CUBE,PMAG,,,PMAG,CUBE6449951,2/14/2015 4:08,JRS_BAHK,JR,,354-U1450A-82F-1-W 64/66-PMAG
,U1450A082F1117,354,U1450,A,82,F,1,W,117,119,390.47,390.49,390.413,390.432,2,7,CUBE,PMAG,,,PMAG,CUBE6449961,2/14/2015 4:10,JRS_BAHK,JR,,354-U1450A-82F-1-W 117/119-PMAG
,U1450A092F1064,354,U1450,A,92,F,1,W,64,66,437.34,437.36,437.297,437.315,2,7,CUBE,PMAG,,,PMAG,CUBE6452651,2/14/2015 13:03,JRS_FOX,JR,,354-U1450A-92F-1-W 64/66-PMAG
,U1450A092F2111,354,U1450,A,92,F,2,W,111,113,439.31,439.33,439.134,439.153,2,7,CUBE,PMAG,,,PMAG,CUBE6452671,2/14/2015 13:03,JRS_FOX,JR,,354-U1450A-92F-2-W 111/113-PMAG
,U1450A096F1069,354,U1450,A,96,F,1,W,69,71,456.39,456.41,456.39,456.41,2,7,CUBE,PMAG,,,PMAG,CUBE6453341,2/14/2015 15:56,JRS_VGALY,JR,,354-U1450A-96F-1-W 69/71-PMAG
,U1450A106F1069,354,U1450,A,106,F,1,W,69,71,503.89,503.91,503.89,503.91,2,7,CUBE,PMAG,,,PMAG,CUBE6454091,2/15/2015 0:00,CROWDER,JR,,354-U1450A-106F-1-W 69/71-PMAG
,U1450A115F1039,354,U1450,A,115,F,1,W,39,41,541.79,541.81,541.79,541.81,2,7,CUBE,PMAG,,,PMAG,CUBE6454871,2/15/2015 1:44,JRS_HUYGHE,JR,collected with cube extruder in same coord sys as pushed in cubes (extruded onto plate and covered),354-U1450A-115F-1-W 39/41-PMAG
,U1450A126F1078,354,U1450,A,126,F,1,W,78,80,609.28,609.3,609.28,609.3,2,7,CUBE,PMAG,,,PMAG,CUBE6458381,2/15/2015 17:41,JRS_HUYGHE,JR,,354-U1450A-126F-1-W 78/80-PMAG
,U1450A128F1040,354,U1450,A,128,F,1,W,40,42,618.4,618.42,618.379,618.398,2,7,CUBE,PMAG,,,PMAG,CUBE6458681,2/15/2015 20:41,JRS_HUYGHE,JR,sAME COORDINATE SYSTEM AS OTHER CUBES,354-U1450A-128F-1-W 40/42-PMAG
,U1450B002R1089,354,U1450,B,2,R,1,W,89,91,608.89,608.91,608.89,608.91,2,7,CUBE,PMAG,,,PMAG,CUBE6520551,3/9/2015 5:58,JRS_SADHIKARI,JR,,354-U1450B-2R-1-W 89/91-PMAG
,U1450B011R2041,354,U1450,B,11,R,2,W,41,43,697.3,697.32,697.3,697.32,2,7,CUBE,PMAG,,,PMAG,CUBE6523401,3/9/2015 21:49,HERRMANN,JR,,354-U1450B-11R-2-W 41/43-PMAG
,U1450B012R1114,354,U1450,B,12,R,1,W,114,116,706.24,706.26,706.24,706.26,2,7,CUBE,PMAG,,,PMAG,CUBE6524031,3/10/2015 1:14,JRS_GE,JR,,354-U1450B-12R-1-W 114/116-PMAG
,U1450B013R2102,354,U1450,B,13,R,2,W,102,104,716.99,717.01,716.99,717.01,2,7,CUBE,PMAG,,,PMAG,CUBE6524521,3/10/2015 3:13,JRS_GE,JR,,354-U1450B-13R-2-W 102/104-PMAG
,U1450B015R1133,354,U1450,B,15,R,1,W,133,135,735.53,735.55,735.53,735.55,2,7,CUBE,PMAG,,,PMAG,CUBE6525231,3/10/2015 7:26,JRS_GE,JR,,354-U1450B-15R-1-W 133/135-PMAG
,U1450B016R3054,354,U1450,B,16,R,3,W,54,56,746.8,746.82,746.8,746.82,2,,CUBE,PMAG,,,PMAG,CUBE6525871,3/10/2015 8:59,JRS_FOX,JR,,354-U1450B-16R-3-W 54/56-PMAG
,U1450B018R2027,354,U1450,B,18,R,2,W,27,29,765.05,765.07,765.05,765.07,2,7,CUBE,PMAG,,,PMAG,CUBE6526291,3/10/2015 10:48,JRS_FOX,JR,,354-U1450B-18R-2-W 27/29-PMAG
,U1450B019R3033,354,U1450,B,19,R,3,W,33,35,774.84,774.86,774.84,774.86,2,7,CUBE,PMAG,,,PMAG,CUBE6526661,3/10/2015 12:21,JRS_CRUZ,JR,,354-U1450B-19R-3-W 33/35-PMAG
,U1450B020R2077,354,U1450,B,20,R,2,W,77,79,784.97,784.99,784.97,784.99,2,7,CUBE,PMAG,,,PMAG,CUBE6526831,3/10/2015 14:17,JRS_CRUZ,JR,,354-U1450B-20R-2-W 77/79-PMAG
,U1450B021R2086,354,U1450,B,21,R,2,W,86,88,794.76,794.78,794.76,794.78,2,7,CUBE,PMAG,,,PMAG,CUBE6527131,3/10/2015 18:17,JRS_CRUZ,JR,,354-U1450B-21R-2-W 86/88-PMAG
,U1450B022R2114,354,U1450,B,22,R,2,W,114,116,804.31,804.33,804.31,804.33,2,7,CUBE,PMAG,,,PMAG,CUBE6527111,3/10/2015 18:10,JRS_CRUZ,JR,,354-U1450B-22R-2-W 114/116-PMAG
,U1451A001H2088,354,U1451,A,1,H,2,W,88,90,2.38,2.4,2.358,2.378,2,7,CUBE,PMAG,,,PMAG,CUBE6463151,2/17/2015 17:48,JRS_YOSHIDA,JR,,354-U1451A-1H-2-W 88/90-PMAG
,U1451A001H3043,354,U1451,A,1,H,3,W,43,45,3.43,3.45,3.399,3.419,2,7,CUBE,PMAG,,,PMAG,CUBE6463161,2/17/2015 17:48,JRS_YOSHIDA,JR,,354-U1451A-1H-3-W 43/45-PMAG
,U1451A002H2009,354,U1451,A,2,H,2,W,9,11,8.09,8.11,8.027,8.047,2,7,CUBE,PMAG,,,PMAG,CUBE6463911,2/17/2015 19:40,JRS_YOSHIDA,JR,,354-U1451A-2H-2-W 9/11-PMAG
,U1451A002H3126,354,U1451,A,2,H,3,W,126,128,10.76,10.78,10.592,10.612,2,7,CUBE,PMAG,,,PMAG,CUBE6463921,2/17/2015 19:40,JRS_YOSHIDA,JR,,354-U1451A-2H-3-W 126/128-PMAG
,U1451A002H4114,354,U1451,A,2,H,4,W,114,116,12.14,12.16,11.918,11.937,2,7,CUBE,PMAG,,,PMAG,CUBE6463931,2/17/2015 19:40,JRS_YOSHIDA,JR,,354-U1451A-2H-4-W 114/116-PMAG
,U1451A002H6094,354,U1451,A,2,H,6,W,94,96,14.94,14.96,14.607,14.626,2,7,CUBE,PMAG,,,PMAG,CUBE6463961,2/17/2015 19:41,JRS_YOSHIDA,JR,,354-U1451A-2H-6-W 94/96-PMAG
,U1451A004H1059,354,U1451,A,4,H,1,W,59,61,24.59,24.61,24.586,24.606,2,7,CUBE,PMAG,,,PMAG,CUBE6465621,2/17/2015 23:48,JRS_YOSHIDA,JR,,354-U1451A-4H-1-W 59/61-PMAG
,U1451A004H2022,354,U1451,A,4,H,2,W,22,24,25.72,25.74,25.71,25.73,2,7,CUBE,PMAG,,,PMAG,CUBE6465631,2/17/2015 23:59,JRS_YOSHIDA,JR,,354-U1451A-4H-2-W 22/24-PMAG
,U1451A005H2061,354,U1451,A,5,H,2,W,61,63,31.01,31.03,30.992,31.012,2,7,CUBE,PMAG,,,PMAG,CUBE6466041,2/18/2015 1:35,JRS_YOSHIDA,JR,,354-U1451A-5H-2-W 61/63-PMAG
,U1451A005H4025,354,U1451,A,5,H,4,W,25,27,33.65,33.67,33.61,33.63,2,7,CUBE,PMAG,,,PMAG,CUBE6466051,2/18/2015 1:39,JRS_YOSHIDA,JR,,354-U1451A-5H-4-W 25/27-PMAG
,U1451A006H1067,354,U1451,A,6,H,1,W,67,69,35.37,35.39,35.363,35.383,2,7,CUBE,PMAG,,,PMAG,CUBE6466611,2/18/2015 3:20,JRS_JIA,JR,,354-U1451A-6H-1-W 67/69-PMAG
,U1451A007H2069,354,U1451,A,7,H,2,W,69,71,41.89,41.91,41.88,41.9,2,7,CUBE,PMAG,,,PMAG,CUBE6467631,2/18/2015 5:11,JRS_JIA,JR,,354-U1451A-7H-2-W 69/71-PMAG
,U1451A010F3081,354,U1451,A,10,F,3,W,81,83,58.99,59.01,58.7,58.718,2,7,CUBE,PMAG,,,PMAG,CUBE6469081,2/18/2015 9:56,JRS_JIA,JR,,354-U1451A-10F-3-W 81/83-PMAG
,U1451A010F4014,354,U1451,A,10,F,4,W,14,16,59.53,59.55,59.194,59.212,2,7,CUBE,PMAG,,,PMAG,CUBE6469091,2/18/2015 10:44,JRS_JIA,JR,,354-U1451A-10F-4-W 14/16-PMAG
,U1451A010F4035,354,U1451,A,10,F,4,W,35,37,59.74,59.76,59.386,59.404,2,7,CUBE,PMAG,,,PMAG,CUBE6469101,2/18/2015 10:44,JRS_JIA,JR,,354-U1451A-10F-4-W 35/37-PMAG
,U1451A010F4073,354,U1451,A,10,F,4,W,73,75,60.12,60.14,59.734,59.752,2,7,CUBE,PMAG,,,PMAG,CUBE6469111,2/18/2015 9:56,JRS_JIA,JR,,354-U1451A-10F-4-W 73/75-PMAG
,U1451A011F1123,354,U1451,A,11,F,1,W,123,135,61.53,61.65,61.504,61.622,12,7,CUBE,PMAG,,,PMAG,CUBE6469821,2/18/2015 11:18,JRS_FOX,JR,,354-U1451A-11F-1-W 123/135-PMAG
,U1451A011F2039,354,U1451,A,11,F,2,W,39,41,62.19,62.21,62.151,62.17,2,7,CUBE,PMAG,,,PMAG,CUBE6469831,2/18/2015 11:19,JRS_FOX,JR,,354-U1451A-11F-2-W 39/41-PMAG
,U1451A011F3107,354,U1451,A,11,F,3,W,107,109,64.37,64.39,64.286,64.305,2,7,CUBE,PMAG,,,PMAG,CUBE6469841,2/18/2015 11:20,JRS_FOX,JR,,354-U1451A-11F-3-W 107/109-PMAG
,U1451A012F1137,354,U1451,A,12,F,1,W,137,139,66.37,66.39,66.353,66.372,2,7,CUBE,PMAG,,,PMAG,CUBE6470681,2/18/2015 14:13,JRS_FOX,JR,,354-U1451A-12F-1-W 137/139-PMAG
,U1451A012F2080,354,U1451,A,12,F,2,W,80,82,67.3,67.32,67.271,67.291,2,7,CUBE,PMAG,,,PMAG,CUBE6470691,2/18/2015 14:13,JRS_FOX,JR,,354-U1451A-12F-2-W 80/82-PMAG
,U1451A013F2060,354,U1451,A,13,F,2,W,60,62,71.79,71.81,71.79,71.81,2,7,CUBE,PMAG,,,PMAG,CUBE6471121,2/18/2015 15:13,JRS_FOX,JR,,354-U1451A-13F-2-W 60/62-PMAG
,U1451A013F2134,354,U1451,A,13,F,2,W,134,136,72.53,72.55,72.53,72.55,2,7,CUBE,PMAG,,,PMAG,CUBE6471131,2/18/2015 15:14,JRS_FOX,JR,,354-U1451A-13F-2-W 134/136-PMAG
,U1451A014F1137,354,U1451,A,14,F,1,W,137,139,75.77,75.79,75.69,75.709,2,7,CUBE,PMAG,,,PMAG,CUBE6471471,2/18/2015 16:18,JRS_FOX,JR,,354-U1451A-14F-1-W 137/139-PMAG
,U1451A014F2020,354,U1451,A,14,F,2,W,20,22,76.1,76.12,76.001,76.02,2,7,CUBE,PMAG,,,PMAG,CUBE6471461,2/18/2015 16:18,JRS_FOX,JR,,354-U1451A-14F-2-W 20/22-PMAG
,U1451A015F1093,354,U1451,A,15,F,1,W,93,95,80.03,80.05,79.971,79.989,2,7,CUBE,PMAG,,,PMAG,CUBE6471971,2/18/2015 18:06,JRS_FOX,JR,,354-U1451A-15F-1-W 93/95-PMAG
,U1451A015F2048,354,U1451,A,15,F,2,W,48,50,81.08,81.1,80.953,80.972,2,7,CUBE,PMAG,,,PMAG,CUBE6471981,2/18/2015 18:06,JRS_FOX,JR,,354-U1451A-15F-2-W 48/50-PMAG
,U1451A015F3094,354,U1451,A,15,F,3,W,94,96,83.04,83.06,82.789,82.808,2,7,CUBE,PMAG,,,PMAG,CUBE6471991,2/18/2015 18:06,JRS_FOX,JR,,354-U1451A-15F-3-W 94/96-PMAG
,U1451A015F4038,354,U1451,A,15,F,4,W,38,40,83.59,83.61,83.304,83.323,2,7,CUBE,PMAG,,,PMAG,CUBE6472001,2/18/2015 18:15,JRS_FOX,JR,,354-U1451A-15F-4-W 38/40-PMAG
,U1451A016F1034,354,U1451,A,16,F,1,W,34,36,84.14,84.16,84.129,84.148,2,7,CUBE,PMAG,,,PMAG,CUBE6472591,2/18/2015 19:15,JRS_FOX,JR,,354-U1451A-16F-1-W 34/36-PMAG
,U1451A016F1075,354,U1451,A,16,F,1,W,75,77,84.55,84.57,84.525,84.545,2,7,CUBE,PMAG,,,PMAG,CUBE6472601,2/18/2015 19:15,JRS_FOX,JR,,354-U1451A-16F-1-W 75/77-PMAG
,U1451A016F3021,354,U1451,A,16,F,3,W,21,23,87.01,87.03,86.904,86.923,2,7,CUBE,PMAG,,,PMAG,CUBE6472611,2/18/2015 19:23,JRS_FOX,JR,,354-U1451A-16F-3-W 21/23-PMAG
,U1451A017F1085,354,U1451,A,17,F,1,W,85,87,89.35,89.37,89.307,89.326,2,7,CUBE,PMAG,,,PMAG,CUBE6473731,2/18/2015 20:37,JRS_FOX,JR,,354-U1451A-17F-1-W 85/87-PMAG
,U1451A017F2033,354,U1451,A,17,F,2,W,33,35,90.33,90.35,90.237,90.256,2,7,CUBE,PMAG,,,PMAG,CUBE6473741,2/18/2015 20:37,JRS_FOX,JR,,354-U1451A-17F-2-W 33/35-PMAG
,U1451A017F3023,354,U1451,A,17,F,3,W,23,25,91.73,91.75,91.566,91.585,2,7,CUBE,PMAG,,,PMAG,CUBE6473761,2/18/2015 20:38,JRS_FOX,JR,,354-U1451A-17F-3-W 23/25-PMAG
,U1451A018F1074,354,U1451,A,18,F,1,W,74,76,93.94,93.96,93.94,93.96,2,7,CUBE,PMAG,,,PMAG,CUBE6474651,2/18/2015 22:15,JRS_FOX,JR,,354-U1451A-18F-1-W 74/76-PMAG
,U1451A018F2076,354,U1451,A,18,F,2,W,76,78,95.46,95.48,95.46,95.48,2,7,CUBE,PMAG,,,PMAG,CUBE6474661,2/18/2015 22:15,JRS_FOX,JR,,354-U1451A-18F-2-W 76/78-PMAG
,U1451A018F3022,354,U1451,A,18,F,3,W,22,24,96.06,96.08,96.06,96.08,2,7,CUBE,PMAG,,,PMAG,CUBE6474671,2/18/2015 22:25,JRS_FOX,JR,,354-U1451A-18F-3-W 22/24-PMAG
,U1451A019F1057,354,U1451,A,19,F,1,W,57,59,98.47,98.49,98.441,98.46,2,7,CUBE,PMAG,,,PMAG,CUBE6476321,2/19/2015 1:45,JRS_HUYGHE,JR,,354-U1451A-19F-1-W 57/59-PMAG
,U1451A019F2043,354,U1451,A,19,F,2,W,43,45,99.83,99.85,99.732,99.751,2,7,CUBE,PMAG,,,PMAG,CUBE6476331,2/19/2015 1:45,JRS_HUYGHE,JR,,354-U1451A-19F-2-W 43/45-PMAG
,U1451A019F3075,354,U1451,A,19,F,3,W,75,77,101.65,101.67,101.46,101.479,2,7,CUBE,PMAG,,,PMAG,CUBE6476341,2/19/2015 1:45,JRS_HUYGHE,JR,,354-U1451A-19F-3-W 75/77-PMAG
,U1451A020F2063,354,U1451,A,20,F,2,W,63,65,104.73,104.75,104.615,104.634,2,7,CUBE,PMAG,,,PMAG,CUBE6476931,2/19/2015 3:57,JRS_JIA,JR,,354-U1451A-20F-2-W 63/65-PMAG
,U1451A020F3072,354,U1451,A,20,F,3,W,72,74,106.32,106.34,106.118,106.137,2,7,CUBE,PMAG,,,PMAG,CUBE6476941,2/19/2015 3:57,JRS_JIA,JR,,354-U1451A-20F-3-W 72/74-PMAG
,U1451A020F4039,354,U1451,A,20,F,4,W,39,41,107.1,107.12,106.856,106.875,2,7,CUBE,PMAG,,,PMAG,CUBE6476951,2/19/2015 3:57,JRS_JIA,JR,,354-U1451A-20F-4-W 39/41-PMAG
,U1451A021F2116,354,U1451,A,21,F,2,W,116,118,109.96,109.98,109.806,109.824,2,7,CUBE,PMAG,,,PMAG,CUBE6477851,2/19/2015 5:28,JRS_SADHIKARI,JR,,354-U1451A-21F-2-W 116/118-PMAG
,U1451A021F3068,354,U1451,A,21,F,3,W,68,70,110.98,111,110.766,110.785,2,7,CUBE,PMAG,,,PMAG,CUBE6477841,2/19/2015 5:28,JRS_SADHIKARI,JR,,354-U1451A-21F-3-W 68/70-PMAG
,U1451A021F4030,354,U1451,A,21,F,4,W,30,32,111.71,111.73,111.454,111.472,2,7,CUBE,PMAG,,,PMAG,CUBE6477831,2/19/2015 5:28,JRS_SADHIKARI,JR,,354-U1451A-21F-4-W 30/32-PMAG
,U1451A023H2097,354,U1451,A,23,H,2,W,97,99,123.67,123.69,123.67,123.69,2,7,CUBE,PMAG,,,PMAG,CUBE6479511,2/19/2015 9:55,JRS_SADHIKARI,JR,,354-U1451A-23H-2-W 97/99-PMAG
,U1451A023H4058,354,U1451,A,23,H,4,W,58,60,124.92,124.94,124.92,124.94,2,7,CUBE,PMAG,,,PMAG,CUBE6479521,2/19/2015 9:55,JRS_SADHIKARI,JR,,354-U1451A-23H-4-W 58/60-PMAG
,U1451A023H6027,354,U1451,A,23,H,6,W,27,29,127.21,127.23,127.21,127.23,2,7,CUBE,PMAG,,,PMAG,CUBE6479531,2/19/2015 9:55,JRS_SADHIKARI,JR,,354-U1451A-23H-6-W 27/29-PMAG
,U1451A024H1134,354,U1451,A,24,H,1,W,134,136,132.34,132.36,132.34,132.36,2,7,CUBE,PMAG,,,PMAG,CUBE6480201,2/19/2015 11:52,JRS_SADHIKARI,JR,,354-U1451A-24H-1-W 134/136-PMAG
,U1451A024H4030,354,U1451,A,24,H,4,W,30,32,135.3,135.32,135.3,135.32,2,7,CUBE,PMAG,,,PMAG,CUBE6480211,2/19/2015 11:52,JRS_SADHIKARI,JR,,354-U1451A-24H-4-W 30/32-PMAG
,U1451A024H6006,354,U1451,A,24,H,6,W,6,8,137.56,137.58,137.56,137.58,2,7,CUBE,PMAG,,,PMAG,CUBE6480221,2/19/2015 11:52,JRS_SADHIKARI,JR,,354-U1451A-24H-6-W 6/8-PMAG
,U1451A025H2044,354,U1451,A,25,H,2,W,44,46,142.44,142.46,142.343,142.362,2,7,CUBE,PMAG,,,PMAG,CUBE6481271,2/19/2015 14:49,JRS_SADHIKARI,JR,,354-U1451A-25H-2-W 44/46-PMAG
,U1451A025H3126,354,U1451,A,25,H,3,W,126,128,144.76,144.78,144.547,144.566,2,7,CUBE,PMAG,,,PMAG,CUBE6481281,2/19/2015 14:49,JRS_SADHIKARI,JR,,354-U1451A-25H-3-W 126/128-PMAG
,U1451A025H5077,354,U1451,A,25,H,5,W,77,79,147.27,147.29,146.932,146.95,2,7,CUBE,PMAG,,,PMAG,CUBE6481291,2/19/2015 14:49,JRS_SADHIKARI,JR,,354-U1451A-25H-5-W 77/79-PMAG
,U1451A026H1134,354,U1451,A,26,H,1,W,134,136,151.34,151.36,151.34,151.36,2,7,CUBE,PMAG,,,PMAG,CUBE6481661,2/19/2015 16:22,JRS_SADHIKARI,JR,,354-U1451A-26H-1-W 134/136-PMAG
,U1451A026H3049,354,U1451,A,26,H,3,W,49,51,152.48,152.5,152.48,152.5,2,7,CUBE,PMAG,,,PMAG,CUBE6481671,2/19/2015 16:22,JRS_SADHIKARI,JR,,354-U1451A-26H-3-W 49/51-PMAG
,U1451A026H5087,354,U1451,A,26,H,5,W,87,89,155.45,155.47,155.45,155.47,2,7,CUBE,PMAG,,,PMAG,CUBE6481681,2/19/2015 16:22,JRS_SADHIKARI,JR,,354-U1451A-26H-5-W 87/89-PMAG
,U1451A027H1127,354,U1451,A,27,H,1,W,127,129,160.77,160.79,160.77,160.79,2,7,CUBE,PMAG,,,PMAG,CUBE6482431,2/19/2015 18:19,JRS_SADHIKARI,JR,,354-U1451A-27H-1-W 127/129-PMAG
,U1451A027H2045,354,U1451,A,27,H,2,W,45,47,161.45,161.47,161.45,161.47,2,7,CUBE,PMAG,,,PMAG,CUBE6482441,2/19/2015 18:20,JRS_SADHIKARI,JR,,354-U1451A-27H-2-W 45/47-PMAG
,U1451A027H3117,354,U1451,A,27,H,3,W,117,119,163.34,163.36,163.34,163.36,2,7,CUBE,PMAG,,,PMAG,CUBE6482451,2/19/2015 18:20,JRS_SADHIKARI,JR,,354-U1451A-27H-3-W 117/119-PMAG
,U1451A027H6007,354,U1451,A,27,H,6,W,7,9,166.29,166.31,166.29,166.31,2,7,CUBE,PMAG,,,PMAG,CUBE6482461,2/19/2015 18:20,JRS_SADHIKARI,JR,,354-U1451A-27H-6-W 7/9-PMAG
,U1451A028H1138,354,U1451,A,28,H,1,W,138,140,170.38,170.4,170.38,170.4,2,7,CUBE,PMAG,,,PMAG,CUBE6482981,2/19/2015 19:56,JRS_SADHIKARI,JR,,354-U1451A-28H-1-W 138/140-PMAG
,U1451A028H2106,354,U1451,A,28,H,2,W,106,108,171.56,171.58,171.56,171.58,2,7,CUBE,PMAG,,,PMAG,CUBE6482991,2/19/2015 19:56,JRS_SADHIKARI,JR,,354-U1451A-28H-2-W 106/108-PMAG
,U1451A028H3111,354,U1451,A,28,H,3,W,111,113,173.11,173.13,173.11,173.13,2,7,CUBE,PMAG,,,PMAG,CUBE6483001,2/19/2015 19:56,JRS_SADHIKARI,JR,,354-U1451A-28H-3-W 111/113-PMAG
,U1451A028H4032,354,U1451,A,28,H,4,W,32,34,173.82,173.84,173.82,173.84,2,7,CUBE,PMAG,,,PMAG,CUBE6483011,2/19/2015 19:56,JRS_SADHIKARI,JR,,354-U1451A-28H-4-W 32/34-PMAG
,U1451A029H1066,354,U1451,A,29,H,1,W,66,68,179.16,179.18,179.16,179.18,2,7,CUBE,PMAG,,,PMAG,CUBE6483671,2/19/2015 21:39,JRS_AGALY,JR,,354-U1451A-29H-1-W 66/68-PMAG
,U1451A030H2027,354,U1451,A,30,H,2,W,27,29,188.63,188.65,188.63,188.65,2,7,CUBE,PMAG,,,PMAG,CUBE6484761,2/20/2015 1:34,JRS_AGALY,JR,,354-U1451A-30H-2-W 27/29-PMAG
,U1451A031F1048,354,U1451,A,31,F,1,W,48,50,197.98,198,197.98,198,2,7,CUBE,PMAG,,,PMAG,CUBE6485161,2/20/2015 2:44,JRS_AGALY,JR,,354-U1451A-31F-1-W 48/50-PMAG
,U1451A035F1038,354,U1451,A,35,F,1,W,38,40,216.88,216.9,216.86,216.879,2,7,CUBE,PMAG,,,PMAG,CUBE6486051,2/20/2015 5:12,JRS_AGALY,JR,,354-U1451A-35F-1-W 38/40-PMAG
,U1451A035F2062,354,U1451,A,35,F,2,W,62,64,218.62,218.64,218.509,218.527,2,7,CUBE,PMAG,,,PMAG,CUBE6486071,2/20/2015 5:13,JRS_AGALY,JR,,354-U1451A-35F-2-W 62/64-PMAG
,U1451A043F2102,354,U1451,A,43,F,2,W,102,104,257.02,257.04,256.84,256.859,2,7,CUBE,PMAG,,,PMAG,CUBE6487711,2/20/2015 13:53,JRS_FOX,JR,,354-U1451A-43F-2-W 102/104-PMAG
,U1451A043F2113,354,U1451,A,43,F,2,W,113,115,257.13,257.15,256.943,256.961,2,7,CUBE,PMAG,,,PMAG,CUBE6487721,2/20/2015 13:53,JRS_FOX,JR,,354-U1451A-43F-2-W 113/115-PMAG
,U1451A051F2063,354,U1451,A,51,F,2,W,63,65,294.63,294.65,294.612,294.632,2,7,CUBE,PMAG,,,PMAG,CUBE6488891,2/21/2015 4:43,KASTOR,JR,,354-U1451A-51F-2-W 63/65-PMAG
,U1451A052F3046,354,U1451,A,52,F,3,W,46,48,300.66,300.68,300.433,300.452,2,7,CUBE,PMAG,,,PMAG,CUBE6489191,2/21/2015 4:44,KASTOR,JR,,354-U1451A-52F-3-W 46/48-PMAG
,U1451A054F1098,354,U1451,A,54,F,1,W,98,100,307.68,307.7,307.658,307.677,2,7,CUBE,PMAG,,,PMAG,CUBE6489331,2/20/2015 20:14,JRS_FOX,JR,,354-U1451A-54F-1-W 98/100-PMAG
,U1451A062F1072,354,U1451,A,62,F,1,W,72,74,345.42,345.44,345.391,345.41,2,7,CUBE,PMAG,,,PMAG,CUBE6493561,2/21/2015 14:45,JRS_CRUZ,JR,,354-U1451A-62F-1-W 72/74-PMAG
,U1451A062F1121,354,U1451,A,62,F,1,W,121,123,345.91,345.93,345.861,345.88,2,7,CUBE,PMAG,,,PMAG,CUBE6493571,2/21/2015 14:45,JRS_CRUZ,JR,,354-U1451A-62F-1-W 121/123-PMAG
,U1451A070F1102,354,U1451,A,70,F,1,W,102,104,383.72,383.74,383.651,383.67,2,7,CUBE,PMAG,,,PMAG,CUBE6493921,2/21/2015 19:13,JRS_YOSHIDA,JR,,354-U1451A-70F-1-W 102/104-PMAG
,U1451A082F1039,354,U1451,A,82,F,1,W,39,41,440.09,440.11,440.09,440.11,2,7,CUBE,PMAG,,,PMAG,CUBE6490281,2/21/2015 0:06,JRS_FOX,JR,,354-U1451A-82F-1-W 39/41-PMAG
,U1451A082F1090,354,U1451,A,82,F,1,W,90,92,440.6,440.62,440.6,440.62,2,7,CUBE,PMAG,,,PMAG,CUBE6490321,2/21/2015 0:10,JRS_FOX,JR,,354-U1451A-82F-1-W 90/92-PMAG
,U1451A096F1065,354,U1451,A,96,F,1,W,65,67,506.85,506.87,506.85,506.87,2,7,CUBE,PMAG,,,PMAG,CUBE6492431,2/21/2015 8:37,JRS_FOX,JR,,354-U1451A-96F-1-W 65/67-PMAG
x,U1451B003X3016,354,U1451,B,3,X,3,W,16,18,554.86,554.88,554.86,554.88,2,7,CUBE,PMAG,,,PMAG,CUBE6496261,2/25/2015 18:36,JRS_YOSHIDA,JR,,354-U1451B-3X-3-W 16/18-PMAG
,U1451B006X1061,354,U1451,B,6,X,1,W,61,63,581.41,581.43,581.41,581.43,2,7,CUBE,PMAG,,,PMAG,CUBE6497481,2/26/2015 4:48,JRS_YOSHIDA,JR,,354-U1451B-6X-1-W 61/63-PMAG
,U1451B006X4088,354,U1451,B,6,X,4,W,88,90,585.27,585.29,585.27,585.29,2,7,CUBE,PMAG,,,PMAG,CUBE6497501,2/26/2015 4:50,JRS_YOSHIDA,JR,,354-U1451B-6X-4-W 88/90-PMAG
,U1451B007X1032,354,U1451,B,7,X,1,W,32,34,590.82,590.84,590.82,590.84,2,7,CUBE,PMAG,,,PMAG,CUBE6497561,2/26/2015 5:37,JRS_YOSHIDA,JR,,354-U1451B-7X-1-W 32/34-PMAG
,U1451B019R1093,354,U1451,B,19,R,1,W,93,95,685.93,685.95,685.93,685.95,2,7,CUBE,PMAG,,,PMAG,CUBE6500401,2/28/2015 22:54,JRS_YOSHIDA,JR,,354-U1451B-19R-1-W 93/95-PMAG
,U1451B020R2005,354,U1451,B,20,R,2,W,5,7,696.35,696.37,696.35,696.37,2,7,CUBE,PMAG,,,PMAG,CUBE6500901,3/1/2015 2:03,JRS_HUYGHE,JR,,354-U1451B-20R-2-W 5/7-PMAG
,U1451B021R1056,354,U1451,B,21,R,1,W,56,58,705.16,705.18,705.16,705.18,2,7,CUBE,PMAG,,,PMAG,CUBE6503481,3/8/2015 0:51,JRS_HUYGHE,JR,,354-U1451B-21R-1-W 56/58-PMAG
,U1451B021R2060,354,U1451,B,21,R,2,W,60,62,706.55,706.57,706.55,706.57,2,7,CUBE,PMAG,,,PMAG,CUBE6503491,3/1/2015 21:42,JRS_HUYGHE,JR,,354-U1451B-21R-2-W 60/62-PMAG
,U1451B030R2044,354,U1451,B,30,R,2,W,44,46,794.13,794.15,794.13,794.15,2,7,CUBE,PMAG,,,PMAG,CUBE6504241,3/2/2015 1:32,MARTOS,JR,,354-U1451B-30R-2-W 44/46-PMAG
,U1451B030R3014,354,U1451,B,30,R,3,W,14,16,795.33,795.35,795.33,795.35,2,7,CUBE,PMAG,,,PMAG,CUBE6504251,3/2/2015 1:32,MARTOS,JR,,354-U1451B-30R-3-W 14/16-PMAG
x,U1452B010F3065,354,U1452,B,10,F,3,W,65,67,60.64,60.66,60.506,60.525,2,7,CUBE,PMAG,,,PMAG,CUBE6533311,3/13/2015 4:55,JRS_PONTON,JR,,354-U1452B-10F-3-W 65/67-PMAG
x,U1452B026F1115,354,U1452,B,26,F,1,W,115,117,134.05,134.07,134.05,134.07,2,7,CUBE,PMAG,,,PMAG,CUBE6536451,3/13/2015 18:11,JRS_YOSHIDA,JR,,354-U1452B-26F-1-W 115/117-PMAG
x,U1452B026F2067,354,U1452,B,26,F,2,W,67,69,134.87,134.89,134.87,134.89,2,7,CUBE,PMAG,,,PMAG,CUBE6536461,3/13/2015 18:18,JRS_YOSHIDA,JR,,354-U1452B-26F-2-W 67/69-PMAG
x,U1452B028F2024,354,U1452,B,28,F,2,W,24,26,144.14,144.16,144.14,144.16,2,7,CUBE,PMAG,,,PMAG,CUBE6536541,3/13/2015 20:11,JRS_YOSHIDA,JR,,354-U1452B-28F-2-W 24/26-PMAG
,U1452B029F1101,354,U1452,B,29,F,1,W,101,103,148.11,148.13,148.057,148.076,2,7,CUBE,PMAG,,,PMAG,CUBE6536751,3/13/2015 21:21,JRS_YOSHIDA,JR,,354-U1452B-29F-1-W 101/103-PMAG
x,U1453A002H3038,354,U1453,A,2,H,3,W,38,40,12.38,12.4,12.375,12.395,2,7,CUBE,PMAG,,,PMAG,CUBE6543531,3/15/2015 14:09,JRS_REILLY,JR,,354-U1453A-2H-3-W 38/40-PMAG
x,U1453A006F1092,354,U1453,A,6,F,1,W,92,94,35.22,35.24,35.22,35.24,2,7,CUBE,PMAG,,,PMAG,CUBE6546451,3/15/2015 23:19,JRS_REILLY,JR,,354-U1453A-6F-1-W 92/94-PMAG
,U1453A006F2080,354,U1453,A,6,F,2,W,80,82,36.6,36.62,36.6,36.62,2,7,CUBE,PMAG,,,PMAG,CUBE6546461,3/15/2015 23:34,MATEO,JR,,354-U1453A-6F-2-W 80/82-PMAG
x,U1453A006F3031,354,U1453,A,6,F,3,W,31,33,37.61,37.63,37.61,37.63,2,7,CUBE,PMAG,,,PMAG,CUBE6546471,3/15/2015 23:35,MATEO,JR,,354-U1453A-6F-3-W 31/33-PMAG
x,U1453A008F2095,354,U1453,A,8,F,2,W,95,97,46.15,46.17,46.15,46.17,2,7,CUBE,PMAG,,,PMAG,CUBE6547081,3/16/2015 4:59,JRS_GE,JR,,354-U1453A-8F-2-W 95/97-PMAG
x,U1453A012F1087,354,U1453,A,12,F,1,W,87,89,63.37,63.39,63.37,63.39,2,7,CUBE,PMAG,,,PMAG,CUBE6549061,3/16/2015 7:49,JRS_BAXTER,JR,,354-U1453A-12F-1-W 87/89-PMAG
x,U1453A014F3004,354,U1453,A,14,F,3,W,4,6,74.94,74.96,74.786,74.805,2,7,CUBE,PMAG,,,PMAG,CUBE6550051,3/16/2015 10:14,JRS_BAXTER,JR,,354-U1453A-14F-3-W 4/6-PMAG
x,U1453A017F2042,354,U1453,A,17,F,2,W,42,44,87.92,87.94,87.812,87.831,2,7,CUBE,PMAG,,,PMAG,CUBE6551261,3/16/2015 13:54,JRS_BAXTER,JR,,354-U1453A-17F-2-W 42/44-PMAG
x,U1453A023F2046,354,U1453,A,23,F,2,W,46,48,116.16,116.18,116.05,116.069,2,7,CUBE,PMAG,,,PMAG,CUBE6552821,3/17/2015 0:58,JRS_BAXTER,JR,,354-U1453A-23F-2-W 46/48-PMAG
x,U1453A028F2030,354,U1453,A,28,F,2,W,30,32,139.5,139.52,139.5,139.52,2,7,CUBE,PMAG,,,PMAG,CUBE6553711,3/17/2015 4:48,JRS_BAXTER,JR,,354-U1453A-28F-2-W 30/32-PMAG
x,U1453A029H3028,354,U1453,A,29,H,3,W,28,30,144.05,144.07,144.05,144.07,2,7,CUBE,PMAG,,,PMAG,CUBE6553721,3/17/2015 5:17,JRS_BAXTER,JR,,354-U1453A-29H-3-W 28/30-PMAG
x,U1453A029H4055,354,U1453,A,29,H,4,W,55,57,145.82,145.84,145.82,145.84,2,7,CUBE,PMAG,,,PMAG,CUBE6553731,3/17/2015 5:17,JRS_BAXTER,JR,,354-U1453A-29H-4-W 55/57-PMAG
x,U1453A029H5077,354,U1453,A,29,H,5,W,77,79,147.54,147.56,147.54,147.56,2,7,CUBE,PMAG,,,PMAG,CUBE6553741,3/17/2015 5:17,JRS_BAXTER,JR,,354-U1453A-29H-5-W 77/79-PMAG
x,U1454A001H1018,354,U1454,A,1,H,1,W,18,20,0.18,0.2,0.179,0.199,2,7,CUBE,PMAG,,,PMAG,CUBE6557571,3/19/2015 4:42,JRS_BAXTER,JR,,354-U1454A-1H-1-W 18/20-PMAG
,U1454A001H1036,354,U1454,A,1,H,1,W,36,38,0.36,0.38,0.358,0.378,2,7,CUBE,PMAG,,,PMAG,CUBE6557581,3/19/2015 4:42,JRS_BAXTER,JR,,354-U1454A-1H-1-W 36/38-PMAG
,U1454A001H4033,354,U1454,A,1,H,4,W,33,35,4.83,4.85,4.804,4.824,2,7,CUBE,PMAG,,,PMAG,CUBE6557591,3/19/2015 4:42,JRS_BAXTER,JR,,354-U1454A-1H-4-W 33/35-PMAG
,U1454A001H5031,354,U1454,A,1,H,5,W,31,33,6.01,6.03,5.978,5.998,2,7,CUBE,PMAG,,,PMAG,CUBE6557601,3/19/2015 4:42,JRS_BAXTER,JR,,354-U1454A-1H-5-W 31/33-PMAG
,U1454B002HCC006,354,U1454,B,2,H,CC,W,6,8,15.9,15.92,15.9,15.92,2,7,CUBE,PMAG,,,PMAG,CUBE6558501,3/19/2015 10:20,JRS_BAXTER,JR,,354-U1454B-2H-CC-W 6/8-PMAG
,U1454B003HCC003,354,U1454,B,3,H,CC,W,3,5,25.33,25.35,25.33,25.35,2,7,CUBE,PMAG,,,PMAG,CUBE6558921,3/19/2015 12:03,JRS_BAXTER,JR,,354-U1454B-3H-CC-W 3/5-PMAG
,U1454B008F1136,354,U1454,B,8,F,1,W,136,138,45.36,45.38,45.36,45.38,2,7,CUBE,PMAG,,,PMAG,CUBE6560711,3/19/2015 21:55,JRS_BAXTER,JR,,354-U1454B-8F-1-W 136/138-PMAG
,U1454B009F2140,354,U1454,B,9,F,2,W,140,142,51.24,51.26,51.24,51.26,2,7,CUBE,PMAG,,,PMAG,CUBE6561231,3/19/2015 23:10,JRS_BAXTER,JR,,354-U1454B-9F-2-W 140/142-PMAG
,U1454B011F3004,354,U1454,B,11,F,3,W,4,6,60.72,60.74,60.693,60.712,2,7,CUBE,PMAG,,,PMAG,CUBE6562101,3/20/2015 2:51,JRS_BAXTER,JR,,354-U1454B-11F-3-W 4/6-PMAG
,U1454B030FCC023,354,U1454,B,30,F,CC,W,23,25,152.71,152.73,152.264,152.282,2,7,CUBE,PMAG,,,PMAG,CUBE6565951,3/20/2015 21:08,JRS_SELKIN,JR,,354-U1454B-30F-CC-W 23/25-PMAG
,U1455C008F2131,354,U1455,C,8,F,2,W,131,133,44.81,44.83,44.662,44.681,2,7,CUBE,PMAG,,,PMAG,CUBE6574091,3/22/2015 20:01,JRS_NAKAJIMA,JR,,354-U1455C-8F-2-W 131/133-PMAG
,U1455C008F3078,354,U1455,C,8,F,3,W,78,80,45.78,45.8,45.582,45.601,2,7,CUBE,PMAG,,,PMAG,CUBE6574101,3/22/2015 20:01,JRS_NAKAJIMA,JR,,354-U1455C-8F-3-W 78/80-PMAG
,U1455C008F4024,354,U1455,C,8,F,4,W,24,26,46.25,46.27,46.027,46.046,2,7,CUBE,PMAG,,,PMAG,CUBE6574111,3/22/2015 20:01,JRS_NAKAJIMA,JR,,354-U1455C-8F-4-W 24/26-PMAG
,U1455C013F1060,354,U1455,C,13,F,1,W,60,62,66.3,66.32,66.3,66.32,2,7,CUBE,PMAG,,,PMAG,CUBE6574591,3/22/2015 22:31,JRS_NAKAJIMA,JR,,354-U1455C-13F-1-W 60/62-PMAG
,U1455C013F2017,354,U1455,C,13,F,2,W,17,19,67.37,67.39,67.37,67.39,2,7,CUBE,PMAG,,,PMAG,CUBE6574601,3/22/2015 22:38,JRS_NAKAJIMA,JR,,354-U1455C-13F-2-W 17/19-PMAG
,U1455C023F1105,354,U1455,C,23,F,1,W,105,107,113.95,113.97,113.95,113.97,2,7,CUBE,PMAG,,,PMAG,CUBE6581551,3/23/2015 8:13,JRS_NAKAJIMA,JR,,354-U1455C-23F-1-W 105/107-PMAG
,U1455C027F1086,354,U1455,C,27,F,1,W,86,88,365.36,365.38,365.36,365.38,2,7,CUBE,PMAG,,,PMAG,CUBE6588421,3/23/2015 14:40,JRS_NAKAJIMA,JR,,354-U1455C-27F-1-W 86/88-PMAG
,U1455C028F1086,354,U1455,C,28,F,1,W,86,88,367.36,367.38,367.36,367.38,2,7,CUBE,PMAG,,,PMAG,CUBE6589111,3/23/2015 18:22,JRS_NAKAJIMA,JR,,354-U1455C-28F-1-W 86/88-PMAG
,U1455C029F2045,354,U1455,C,29,F,2,W,45,47,372.21,372.23,372.21,372.23,2,7,CUBE,PMAG,,,PMAG,CUBE6589341,3/23/2015 19:51,JRS_NAKAJIMA,JR,,354-U1455C-29F-2-W 45/47-PMAG
,U1455C029F3039,354,U1455,C,29,F,3,,39,41,373.65,373.67,373.65,373.67,2,7,CUBE,PMAG,,,PMAG,CUBE6589351,3/23/2015 19:51,JRS_NAKAJIMA,JR,,354-U1455C-29F-3-PMAG
,U1455C029F3039,354,U1455,C,29,F,3,W,39,41,373.65,373.67,373.65,373.67,2,7,CUBE,PMAG,,,PMAG,CUBE6589361,3/23/2015 19:52,JRS_NAKAJIMA,JR,,354-U1455C-29F-3-W 39/41-PMAG
,U1455C031F1095,354,U1455,C,31,F,1,W,95,97,381.55,381.57,381.55,381.57,2,7,CUBE,PMAG,,,PMAG,CUBE6589661,3/23/2015 23:00,JRS_NAKAJIMA,JR,,354-U1455C-31F-1-W 95/97-PMAG
,U1455C032F1044,354,U1455,C,32,F,1,W,44,46,385.74,385.76,385.74,385.76,2,7,CUBE,PMAG,,,PMAG,CUBE6590111,3/24/2015 1:25,JRS_SELKIN,JR,,354-U1455C-32F-1-W 44/46-PMAG
,U1455C033F1057,354,U1455,C,33,F,1,W,57,59,390.57,390.59,390.57,390.59,2,7,CUBE,PMAG,,,PMAG,CUBE6590501,3/24/2015 3:08,JRS_SELKIN,JR,,354-U1455C-33F-1-W 57/59-PMAG
,U1455C033F2047,354,U1455,C,33,F,2,W,47,49,391.47,391.49,391.47,391.49,2,7,CUBE,PMAG,,,PMAG,CUBE6590511,3/24/2015 3:06,JRS_SELKIN,JR,,354-U1455C-33F-2-W 47/49-PMAG
,U1455C034F1078,354,U1455,C,34,F,1,W,78,80,395.48,395.5,395.48,395.5,2,7,CUBE,PMAG,,,PMAG,CUBE6590521,3/24/2015 3:10,JRS_SELKIN,JR,,354-U1455C-34F-1-W 78/80-PMAG
,U1455C044R2018,354,U1455,C,44,R,2,W,18,20,784.41,784.43,784.41,784.43,2,7,CUBE,PMAG,,,PMAG,CUBE6594041,3/26/2015 23:46,JRS_FOX,JR,,354-U1455C-44R-2-W 18/20-PMAG
,U1455C046R1128,354,U1455,C,46,R,1,W,128,130,803.68,803.7,803.68,803.7,2,7,CUBE,PMAG,,,PMAG,CUBE6594891,3/27/2015 4:43,JRS_MANOJ,JR,,354-U1455C-46R-1-W 128/130-PMAG
,U1455C046R5010,354,U1455,C,46,R,5,W,10,12,807.78,807.8,807.78,807.8,2,7,CUBE,PMAG,,,PMAG,CUBE6594861,3/27/2015 4:40,JRS_MANOJ,JR,,354-U1455C-46R-5-W 10/12-PMAG
